"","long","lat","order","hole","piece","id","group"
"1",28.084111,59.613306,1,FALSE,"1","0","0.1"
"2",28.084139,59.614111,2,FALSE,"1","0","0.1"
"3",28.080694,59.615778,3,FALSE,"1","0","0.1"
"4",28.08075,59.6175,4,FALSE,"1","0","0.1"
"5",28.077333,59.619111,5,FALSE,"1","0","0.1"
"6",28.077361,59.619972,6,FALSE,"1","0","0.1"
"7",28.074917,59.621194,7,FALSE,"1","0","0.1"
"8",28.073222,59.621194,8,FALSE,"1","0","0.1"
"9",28.071556,59.622028,9,FALSE,"1","0","0.1"
"10",28.069889,59.622028,10,FALSE,"1","0","0.1"
"11",28.066556,59.623722,11,FALSE,"1","0","0.1"
"12",28.064861,59.623722,12,FALSE,"1","0","0.1"
"13",28.063194,59.624528,13,FALSE,"1","0","0.1"
"14",28.061528,59.624556,14,FALSE,"1","0","0.1"
"15",28.06,59.62535406,15,FALSE,"1","0","0.1"
"16",28.06,59.75545022,16,FALSE,"1","0","0.1"
"17",28.060694,59.755833,17,FALSE,"1","0","0.1"
"18",28.060778,59.761639,18,FALSE,"1","0","0.1"
"19",28.064917,59.763722,19,FALSE,"1","0","0.1"
"20",28.067361,59.762444,20,FALSE,"1","0","0.1"
"21",28.067417,59.760806,21,FALSE,"1","0","0.1"
"22",28.068194,59.760389,22,FALSE,"1","0","0.1"
"23",28.070722,59.761611,23,FALSE,"1","0","0.1"
"24",28.07075,59.762472,24,FALSE,"1","0","0.1"
"25",28.074083,59.764167,25,FALSE,"1","0","0.1"
"26",28.074056,59.766667,26,FALSE,"1","0","0.1"
"27",28.075667,59.7675,27,FALSE,"1","0","0.1"
"28",28.075694,59.768306,28,FALSE,"1","0","0.1"
"29",28.074028,59.769111,29,FALSE,"1","0","0.1"
"30",28.074111,59.7725,30,FALSE,"1","0","0.1"
"31",28.074917,59.772889,31,FALSE,"1","0","0.1"
"32",28.078194,59.772861,32,FALSE,"1","0","0.1"
"33",28.078972,59.772444,33,FALSE,"1","0","0.1"
"34",28.079083,59.771639,34,FALSE,"1","0","0.1"
"35",28.079861,59.77125,35,FALSE,"1","0","0.1"
"36",28.082389,59.772472,36,FALSE,"1","0","0.1"
"37",28.082333,59.775,37,FALSE,"1","0","0.1"
"38",28.085667,59.776667,38,FALSE,"1","0","0.1"
"39",28.085639,59.779111,39,FALSE,"1","0","0.1"
"40",28.090694,59.781639,40,FALSE,"1","0","0.1"
"41",28.090722,59.7825,41,FALSE,"1","0","0.1"
"42",28.091528,59.782889,42,FALSE,"1","0","0.1"
"43",28.094944,59.782917,43,FALSE,"1","0","0.1"
"44",28.095722,59.783306,44,FALSE,"1","0","0.1"
"45",28.095639,59.784111,45,FALSE,"1","0","0.1"
"46",28.097361,59.784944,46,FALSE,"1","0","0.1"
"47",28.097417,59.789972,47,FALSE,"1","0","0.1"
"48",28.098222,59.790417,48,FALSE,"1","0","0.1"
"49",28.108194,59.790389,49,FALSE,"1","0","0.1"
"50",28.109861,59.789528,50,FALSE,"1","0","0.1"
"51",28.110667,59.789972,51,FALSE,"1","0","0.1"
"52",28.110694,59.790833,52,FALSE,"1","0","0.1"
"53",28.1115,59.791222,53,FALSE,"1","0","0.1"
"54",28.118167,59.791222,54,FALSE,"1","0","0.1"
"55",28.119833,59.790417,55,FALSE,"1","0","0.1"
"56",28.123222,59.790389,56,FALSE,"1","0","0.1"
"57",28.124,59.789972,57,FALSE,"1","0","0.1"
"58",28.124056,59.780806,58,FALSE,"1","0","0.1"
"59",28.125722,59.779972,59,FALSE,"1","0","0.1"
"60",28.125667,59.778278,60,FALSE,"1","0","0.1"
"61",28.126556,59.777861,61,FALSE,"1","0","0.1"
"62",28.127361,59.778306,62,FALSE,"1","0","0.1"
"63",28.127333,59.780833,63,FALSE,"1","0","0.1"
"64",28.125667,59.781639,64,FALSE,"1","0","0.1"
"65",28.125722,59.783278,65,FALSE,"1","0","0.1"
"66",28.127444,59.784139,66,FALSE,"1","0","0.1"
"67",28.127333,59.790806,67,FALSE,"1","0","0.1"
"68",28.125778,59.791611,68,FALSE,"1","0","0.1"
"69",28.128194,59.792917,69,FALSE,"1","0","0.1"
"70",28.134083,59.789944,70,FALSE,"1","0","0.1"
"71",28.134056,59.789139,71,FALSE,"1","0","0.1"
"72",28.134833,59.78875,72,FALSE,"1","0","0.1"
"73",28.1415,59.78875,73,FALSE,"1","0","0.1"
"74",28.144833,59.787056,74,FALSE,"1","0","0.1"
"75",28.14825,59.787083,75,FALSE,"1","0","0.1"
"76",28.149,59.786611,76,FALSE,"1","0","0.1"
"77",28.149056,59.784167,77,FALSE,"1","0","0.1"
"78",28.149806,59.783694,78,FALSE,"1","0","0.1"
"79",28.151528,59.783694,79,FALSE,"1","0","0.1"
"80",28.152333,59.784139,80,FALSE,"1","0","0.1"
"81",28.152361,59.785,81,FALSE,"1","0","0.1"
"82",28.154083,59.785833,82,FALSE,"1","0","0.1"
"83",28.154,59.786639,83,FALSE,"1","0","0.1"
"84",28.154806,59.787028,84,FALSE,"1","0","0.1"
"85",28.158194,59.787056,85,FALSE,"1","0","0.1"
"86",28.159861,59.786194,86,FALSE,"1","0","0.1"
"87",28.164833,59.78625,87,FALSE,"1","0","0.1"
"88",28.168167,59.787889,88,FALSE,"1","0","0.1"
"89",28.169889,59.787917,89,FALSE,"1","0","0.1"
"90",28.172306,59.786639,90,FALSE,"1","0","0.1"
"91",28.172361,59.781639,91,FALSE,"1","0","0.1"
"92",28.176583,59.779528,92,FALSE,"1","0","0.1"
"93",28.186556,59.7795,93,FALSE,"1","0","0.1"
"94",28.189,59.778278,94,FALSE,"1","0","0.1"
"95",28.189028,59.775778,95,FALSE,"1","0","0.1"
"96",28.192361,59.774139,96,FALSE,"1","0","0.1"
"97",28.192389,59.772444,97,FALSE,"1","0","0.1"
"98",28.191583,59.772056,98,FALSE,"1","0","0.1"
"99",28.189889,59.772056,99,FALSE,"1","0","0.1"
"100",28.189083,59.771611,100,FALSE,"1","0","0.1"
"101",28.189056,59.77075,101,FALSE,"1","0","0.1"
"102",28.190722,59.769944,102,FALSE,"1","0","0.1"
"103",28.190667,59.764917,103,FALSE,"1","0","0.1"
"104",28.192333,59.764111,104,FALSE,"1","0","0.1"
"105",28.192417,59.759944,105,FALSE,"1","0","0.1"
"106",28.194083,59.759139,106,FALSE,"1","0","0.1"
"107",28.194028,59.757472,107,FALSE,"1","0","0.1"
"108",28.195694,59.756611,108,FALSE,"1","0","0.1"
"109",28.195722,59.754944,109,FALSE,"1","0","0.1"
"110",28.197389,59.754083,110,FALSE,"1","0","0.1"
"111",28.197333,59.7525,111,FALSE,"1","0","0.1"
"112",28.199,59.751611,112,FALSE,"1","0","0.1"
"113",28.199083,59.747444,113,FALSE,"1","0","0.1"
"114",28.20075,59.746639,114,FALSE,"1","0","0.1"
"115",28.200667,59.744139,115,FALSE,"1","0","0.1"
"116",28.202333,59.74325,116,FALSE,"1","0","0.1"
"117",28.202417,59.742472,117,FALSE,"1","0","0.1"
"118",28.204083,59.741639,118,FALSE,"1","0","0.1"
"119",28.204028,59.740806,119,FALSE,"1","0","0.1"
"120",28.205694,59.739972,120,FALSE,"1","0","0.1"
"121",28.205722,59.737472,121,FALSE,"1","0","0.1"
"122",28.207389,59.736667,122,FALSE,"1","0","0.1"
"123",28.207361,59.735806,123,FALSE,"1","0","0.1"
"124",28.209028,59.735,124,FALSE,"1","0","0.1"
"125",28.209111,59.734139,125,FALSE,"1","0","0.1"
"126",28.212444,59.732444,126,FALSE,"1","0","0.1"
"127",28.212361,59.727444,127,FALSE,"1","0","0.1"
"128",28.214028,59.726611,128,FALSE,"1","0","0.1"
"129",28.213972,59.724972,129,FALSE,"1","0","0.1"
"130",28.215639,59.724139,130,FALSE,"1","0","0.1"
"131",28.21575,59.720778,131,FALSE,"1","0","0.1"
"132",28.217417,59.719972,132,FALSE,"1","0","0.1"
"133",28.217361,59.719111,133,FALSE,"1","0","0.1"
"134",28.220694,59.717417,134,FALSE,"1","0","0.1"
"135",28.220667,59.716639,135,FALSE,"1","0","0.1"
"136",28.225667,59.714139,136,FALSE,"1","0","0.1"
"137",28.22575,59.713278,137,FALSE,"1","0","0.1"
"138",28.224833,59.712889,138,FALSE,"1","0","0.1"
"139",28.221556,59.712917,139,FALSE,"1","0","0.1"
"140",28.220639,59.712472,140,FALSE,"1","0","0.1"
"141",28.220778,59.709972,141,FALSE,"1","0","0.1"
"142",28.219861,59.709556,142,FALSE,"1","0","0.1"
"143",28.218167,59.709528,143,FALSE,"1","0","0.1"
"144",28.21575,59.708306,144,FALSE,"1","0","0.1"
"145",28.215722,59.7075,145,FALSE,"1","0","0.1"
"146",28.214,59.706667,146,FALSE,"1","0","0.1"
"147",28.214056,59.695778,147,FALSE,"1","0","0.1"
"148",28.215694,59.694944,148,FALSE,"1","0","0.1"
"149",28.215667,59.694167,149,FALSE,"1","0","0.1"
"150",28.217444,59.693278,150,FALSE,"1","0","0.1"
"151",28.217389,59.691639,151,FALSE,"1","0","0.1"
"152",28.219056,59.69075,152,FALSE,"1","0","0.1"
"153",28.219028,59.689972,153,FALSE,"1","0","0.1"
"154",28.222361,59.688278,154,FALSE,"1","0","0.1"
"155",28.222417,59.687472,155,FALSE,"1","0","0.1"
"156",28.223194,59.687,156,FALSE,"1","0","0.1"
"157",28.224889,59.687,157,FALSE,"1","0","0.1"
"158",28.231528,59.683694,158,FALSE,"1","0","0.1"
"159",28.233222,59.683667,159,FALSE,"1","0","0.1"
"160",28.236556,59.682028,160,FALSE,"1","0","0.1"
"161",28.238139,59.682028,161,FALSE,"1","0","0.1"
"162",28.239917,59.681222,162,FALSE,"1","0","0.1"
"163",28.241472,59.681194,163,FALSE,"1","0","0.1"
"164",28.244806,59.679556,164,FALSE,"1","0","0.1"
"165",28.2465,59.679556,165,FALSE,"1","0","0.1"
"166",28.248167,59.678667,166,FALSE,"1","0","0.1"
"167",28.249861,59.678722,167,FALSE,"1","0","0.1"
"168",28.2515,59.677861,168,FALSE,"1","0","0.1"
"169",28.254889,59.677861,169,FALSE,"1","0","0.1"
"170",28.256556,59.677056,170,FALSE,"1","0","0.1"
"171",28.264778,59.677028,171,FALSE,"1","0","0.1"
"172",28.2665,59.677889,172,FALSE,"1","0","0.1"
"173",28.269889,59.677833,173,FALSE,"1","0","0.1"
"174",28.271556,59.677028,174,FALSE,"1","0","0.1"
"175",28.281583,59.677056,175,FALSE,"1","0","0.1"
"176",28.282389,59.677444,176,FALSE,"1","0","0.1"
"177",28.282306,59.678278,177,FALSE,"1","0","0.1"
"178",28.283111,59.678694,178,FALSE,"1","0","0.1"
"179",28.296528,59.678722,179,FALSE,"1","0","0.1"
"180",28.29825,59.679556,180,FALSE,"1","0","0.1"
"181",28.299833,59.679556,181,FALSE,"1","0","0.1"
"182",28.3015,59.678667,182,FALSE,"1","0","0.1"
"183",28.303194,59.678722,183,FALSE,"1","0","0.1"
"184",28.303972,59.678306,184,FALSE,"1","0","0.1"
"185",28.303972,59.675806,185,FALSE,"1","0","0.1"
"186",28.303167,59.675361,186,FALSE,"1","0","0.1"
"187",28.299889,59.675333,187,FALSE,"1","0","0.1"
"188",28.298139,59.676194,188,FALSE,"1","0","0.1"
"189",28.297333,59.675806,189,FALSE,"1","0","0.1"
"190",28.30075,59.674111,190,FALSE,"1","0","0.1"
"191",28.300694,59.672417,191,FALSE,"1","0","0.1"
"192",28.299778,59.672028,192,FALSE,"1","0","0.1"
"193",28.298194,59.672028,193,FALSE,"1","0","0.1"
"194",28.296583,59.671194,194,FALSE,"1","0","0.1"
"195",28.294889,59.671222,195,FALSE,"1","0","0.1"
"196",28.293972,59.670778,196,FALSE,"1","0","0.1"
"197",28.293944,59.669917,197,FALSE,"1","0","0.1"
"198",28.289,59.667444,198,FALSE,"1","0","0.1"
"199",28.288972,59.666639,199,FALSE,"1","0","0.1"
"200",28.287361,59.665806,200,FALSE,"1","0","0.1"
"201",28.28825,59.665361,201,FALSE,"1","0","0.1"
"202",28.289833,59.665333,202,FALSE,"1","0","0.1"
"203",28.298222,59.669528,203,FALSE,"1","0","0.1"
"204",28.299889,59.6695,204,FALSE,"1","0","0.1"
"205",28.303111,59.671194,205,FALSE,"1","0","0.1"
"206",28.304806,59.671167,206,FALSE,"1","0","0.1"
"207",28.306528,59.672,207,FALSE,"1","0","0.1"
"208",28.308222,59.672056,208,FALSE,"1","0","0.1"
"209",28.309833,59.672833,209,FALSE,"1","0","0.1"
"210",28.311528,59.672861,210,FALSE,"1","0","0.1"
"211",28.314056,59.674111,211,FALSE,"1","0","0.1"
"212",28.314,59.67575,212,FALSE,"1","0","0.1"
"213",28.314806,59.676194,213,FALSE,"1","0","0.1"
"214",28.318194,59.676167,214,FALSE,"1","0","0.1"
"215",28.319806,59.677,215,FALSE,"1","0","0.1"
"216",28.3215,59.677056,216,FALSE,"1","0","0.1"
"217",28.323222,59.677833,217,FALSE,"1","0","0.1"
"218",28.328194,59.677833,218,FALSE,"1","0","0.1"
"219",28.328972,59.677417,219,FALSE,"1","0","0.1"
"220",28.329,59.675778,220,FALSE,"1","0","0.1"
"221",28.333222,59.673667,221,FALSE,"1","0","0.1"
"222",28.339861,59.673722,222,FALSE,"1","0","0.1"
"223",28.340639,59.67325,223,FALSE,"1","0","0.1"
"224",28.340694,59.671611,224,FALSE,"1","0","0.1"
"225",28.338972,59.670778,225,FALSE,"1","0","0.1"
"226",28.339833,59.670361,226,FALSE,"1","0","0.1"
"227",28.343222,59.670333,227,FALSE,"1","0","0.1"
"228",28.351528,59.666194,228,FALSE,"1","0","0.1"
"229",28.353194,59.666167,229,FALSE,"1","0","0.1"
"230",28.357306,59.664139,230,FALSE,"1","0","0.1"
"231",28.357333,59.662417,231,FALSE,"1","0","0.1"
"232",28.355722,59.661583,232,FALSE,"1","0","0.1"
"233",28.3565,59.661167,233,FALSE,"1","0","0.1"
"234",28.361583,59.661194,234,FALSE,"1","0","0.1"
"235",28.363222,59.660361,235,FALSE,"1","0","0.1"
"236",28.3665,59.660333,236,FALSE,"1","0","0.1"
"237",28.367306,59.660778,237,FALSE,"1","0","0.1"
"238",28.367333,59.661639,238,FALSE,"1","0","0.1"
"239",28.368139,59.662028,239,FALSE,"1","0","0.1"
"240",28.373222,59.662028,240,FALSE,"1","0","0.1"
"241",28.374861,59.661222,241,FALSE,"1","0","0.1"
"242",28.376472,59.662056,242,FALSE,"1","0","0.1"
"243",28.383139,59.662028,243,FALSE,"1","0","0.1"
"244",28.384861,59.662833,244,FALSE,"1","0","0.1"
"245",28.388111,59.662833,245,FALSE,"1","0","0.1"
"246",28.389056,59.663306,246,FALSE,"1","0","0.1"
"247",28.388972,59.664083,247,FALSE,"1","0","0.1"
"248",28.389778,59.664528,248,FALSE,"1","0","0.1"
"249",28.391472,59.664528,249,FALSE,"1","0","0.1"
"250",28.398139,59.667861,250,FALSE,"1","0","0.1"
"251",28.399833,59.667861,251,FALSE,"1","0","0.1"
"252",28.401444,59.668694,252,FALSE,"1","0","0.1"
"253",28.403139,59.668667,253,FALSE,"1","0","0.1"
"254",28.406472,59.670361,254,FALSE,"1","0","0.1"
"255",28.408167,59.670333,255,FALSE,"1","0","0.1"
"256",28.412306,59.672389,256,FALSE,"1","0","0.1"
"257",28.412333,59.67325,257,FALSE,"1","0","0.1"
"258",28.413972,59.674083,258,FALSE,"1","0","0.1"
"259",28.414,59.674944,259,FALSE,"1","0","0.1"
"260",28.414806,59.675333,260,FALSE,"1","0","0.1"
"261",28.4165,59.675361,261,FALSE,"1","0","0.1"
"262",28.419028,59.676611,262,FALSE,"1","0","0.1"
"263",28.419056,59.677389,263,FALSE,"1","0","0.1"
"264",28.419861,59.677833,264,FALSE,"1","0","0.1"
"265",28.421528,59.677028,265,FALSE,"1","0","0.1"
"266",28.423139,59.677861,266,FALSE,"1","0","0.1"
"267",28.424833,59.677861,267,FALSE,"1","0","0.1"
"268",28.427361,59.679083,268,FALSE,"1","0","0.1"
"269",28.427278,59.679944,269,FALSE,"1","0","0.1"
"270",28.425639,59.68075,270,FALSE,"1","0","0.1"
"271",28.425694,59.682472,271,FALSE,"1","0","0.1"
"272",28.427306,59.683306,272,FALSE,"1","0","0.1"
"273",28.427278,59.684889,273,FALSE,"1","0","0.1"
"274",28.428194,59.685333,274,FALSE,"1","0","0.1"
"275",28.429889,59.685333,275,FALSE,"1","0","0.1"
"276",28.430694,59.685778,276,FALSE,"1","0","0.1"
"277",28.430611,59.686556,277,FALSE,"1","0","0.1"
"278",28.432333,59.687417,278,FALSE,"1","0","0.1"
"279",28.432333,59.689917,279,FALSE,"1","0","0.1"
"280",28.433944,59.69075,280,FALSE,"1","0","0.1"
"281",28.434056,59.700722,281,FALSE,"1","0","0.1"
"282",28.432389,59.701611,282,FALSE,"1","0","0.1"
"283",28.432306,59.704917,283,FALSE,"1","0","0.1"
"284",28.433917,59.70575,284,FALSE,"1","0","0.1"
"285",28.434,59.715778,285,FALSE,"1","0","0.1"
"286",28.432361,59.716611,286,FALSE,"1","0","0.1"
"287",28.432333,59.724083,287,FALSE,"1","0","0.1"
"288",28.433944,59.724917,288,FALSE,"1","0","0.1"
"289",28.434028,59.726611,289,FALSE,"1","0","0.1"
"290",28.435639,59.727472,290,FALSE,"1","0","0.1"
"291",28.435667,59.72825,291,FALSE,"1","0","0.1"
"292",28.437278,59.729083,292,FALSE,"1","0","0.1"
"293",28.437278,59.731611,293,FALSE,"1","0","0.1"
"294",28.439028,59.732444,294,FALSE,"1","0","0.1"
"295",28.438972,59.736611,295,FALSE,"1","0","0.1"
"296",28.440694,59.737444,296,FALSE,"1","0","0.1"
"297",28.439028,59.73825,297,FALSE,"1","0","0.1"
"298",28.438944,59.751611,298,FALSE,"1","0","0.1"
"299",28.440667,59.752444,299,FALSE,"1","0","0.1"
"300",28.440694,59.75325,300,FALSE,"1","0","0.1"
"301",28.442306,59.754083,301,FALSE,"1","0","0.1"
"302",28.442389,59.755778,302,FALSE,"1","0","0.1"
"303",28.444,59.756639,303,FALSE,"1","0","0.1"
"304",28.443972,59.758278,304,FALSE,"1","0","0.1"
"305",28.443194,59.758694,305,FALSE,"1","0","0.1"
"306",28.4415,59.758694,306,FALSE,"1","0","0.1"
"307",28.440611,59.759111,307,FALSE,"1","0","0.1"
"308",28.440639,59.764944,308,FALSE,"1","0","0.1"
"309",28.438972,59.76575,309,FALSE,"1","0","0.1"
"310",28.438972,59.786611,310,FALSE,"1","0","0.1"
"311",28.440694,59.787444,311,FALSE,"1","0","0.1"
"312",28.44075,59.788306,312,FALSE,"1","0","0.1"
"313",28.442361,59.789083,313,FALSE,"1","0","0.1"
"314",28.442389,59.794972,314,FALSE,"1","0","0.1"
"315",28.444,59.795806,315,FALSE,"1","0","0.1"
"316",28.443972,59.797389,316,FALSE,"1","0","0.1"
"317",28.444889,59.797861,317,FALSE,"1","0","0.1"
"318",28.448167,59.797861,318,FALSE,"1","0","0.1"
"319",28.448972,59.79825,319,FALSE,"1","0","0.1"
"320",28.449028,59.799111,320,FALSE,"1","0","0.1"
"321",28.450639,59.799944,321,FALSE,"1","0","0.1"
"322",28.450583,59.801611,322,FALSE,"1","0","0.1"
"323",28.451528,59.802056,323,FALSE,"1","0","0.1"
"324",28.453222,59.802028,324,FALSE,"1","0","0.1"
"325",28.454028,59.802417,325,FALSE,"1","0","0.1"
"326",28.453944,59.803278,326,FALSE,"1","0","0.1"
"327",28.455694,59.804111,327,FALSE,"1","0","0.1"
"328",28.455722,59.804917,328,FALSE,"1","0","0.1"
"329",28.454056,59.805778,329,FALSE,"1","0","0.1"
"330",28.453972,59.806639,330,FALSE,"1","0","0.1"
"331",28.455611,59.807417,331,FALSE,"1","0","0.1"
"332",28.455639,59.810778,332,FALSE,"1","0","0.1"
"333",28.457361,59.811639,333,FALSE,"1","0","0.1"
"334",28.457333,59.813278,334,FALSE,"1","0","0.1"
"335",28.460694,59.814944,335,FALSE,"1","0","0.1"
"336",28.460667,59.817417,336,FALSE,"1","0","0.1"
"337",28.462306,59.81825,337,FALSE,"1","0","0.1"
"338",28.462333,59.819111,338,FALSE,"1","0","0.1"
"339",28.465694,59.820778,339,FALSE,"1","0","0.1"
"340",28.465667,59.822417,340,FALSE,"1","0","0.1"
"341",28.467389,59.82325,341,FALSE,"1","0","0.1"
"342",28.467278,59.825778,342,FALSE,"1","0","0.1"
"343",28.478167,59.831194,343,FALSE,"1","0","0.1"
"344",28.47975,59.831167,344,FALSE,"1","0","0.1"
"345",28.481528,59.830333,345,FALSE,"1","0","0.1"
"346",28.483111,59.830333,346,FALSE,"1","0","0.1"
"347",28.484778,59.8295,347,FALSE,"1","0","0.1"
"348",28.4865,59.830361,348,FALSE,"1","0","0.1"
"349",28.4915,59.830361,349,FALSE,"1","0","0.1"
"350",28.493111,59.831194,350,FALSE,"1","0","0.1"
"351",28.494806,59.831167,351,FALSE,"1","0","0.1"
"352",28.496444,59.832,352,FALSE,"1","0","0.1"
"353",28.499833,59.832028,353,FALSE,"1","0","0.1"
"354",28.501472,59.832861,354,FALSE,"1","0","0.1"
"355",28.50475,59.832833,355,FALSE,"1","0","0.1"
"356",28.506472,59.833667,356,FALSE,"1","0","0.1"
"357",28.508194,59.833694,357,FALSE,"1","0","0.1"
"358",28.512361,59.83575,358,FALSE,"1","0","0.1"
"359",28.512278,59.836611,359,FALSE,"1","0","0.1"
"360",28.514028,59.837389,360,FALSE,"1","0","0.1"
"361",28.513944,59.83825,361,FALSE,"1","0","0.1"
"362",28.517306,59.839917,362,FALSE,"1","0","0.1"
"363",28.517333,59.840778,363,FALSE,"1","0","0.1"
"364",28.518167,59.841167,364,FALSE,"1","0","0.1"
"365",28.534806,59.841194,365,FALSE,"1","0","0.1"
"366",28.539,59.84325,366,FALSE,"1","0","0.1"
"367",28.538917,59.844111,367,FALSE,"1","0","0.1"
"368",28.540667,59.844944,368,FALSE,"1","0","0.1"
"369",28.540611,59.846611,369,FALSE,"1","0","0.1"
"370",28.542361,59.847444,370,FALSE,"1","0","0.1"
"371",28.542278,59.848306,371,FALSE,"1","0","0.1"
"372",28.543083,59.848694,372,FALSE,"1","0","0.1"
"373",28.5465,59.848639,373,FALSE,"1","0","0.1"
"374",28.55225,59.845778,374,FALSE,"1","0","0.1"
"375",28.552278,59.844083,375,FALSE,"1","0","0.1"
"376",28.553944,59.84325,376,FALSE,"1","0","0.1"
"377",28.553972,59.839083,377,FALSE,"1","0","0.1"
"378",28.556528,59.837861,378,FALSE,"1","0","0.1"
"379",28.558111,59.837833,379,FALSE,"1","0","0.1"
"380",28.567306,59.833278,380,FALSE,"1","0","0.1"
"381",28.567222,59.831583,381,FALSE,"1","0","0.1"
"382",28.570667,59.829944,382,FALSE,"1","0","0.1"
"383",28.570611,59.829083,383,FALSE,"1","0","0.1"
"384",28.573167,59.827806,384,FALSE,"1","0","0.1"
"385",28.594806,59.827833,385,FALSE,"1","0","0.1"
"386",28.596472,59.827,386,FALSE,"1","0","0.1"
"387",28.598167,59.826972,387,FALSE,"1","0","0.1"
"388",28.599833,59.826167,388,FALSE,"1","0","0.1"
"389",28.601528,59.826139,389,FALSE,"1","0","0.1"
"390",28.606389,59.823694,390,FALSE,"1","0","0.1"
"391",28.608083,59.823667,391,FALSE,"1","0","0.1"
"392",28.611389,59.822028,392,FALSE,"1","0","0.1"
"393",28.613111,59.822,393,FALSE,"1","0","0.1"
"394",28.61475,59.821194,394,FALSE,"1","0","0.1"
"395",28.621444,59.821167,395,FALSE,"1","0","0.1"
"396",28.62225,59.821556,396,FALSE,"1","0","0.1"
"397",28.622306,59.822417,397,FALSE,"1","0","0.1"
"398",28.626472,59.824472,398,FALSE,"1","0","0.1"
"399",28.628167,59.8245,399,FALSE,"1","0","0.1"
"400",28.630611,59.823222,400,FALSE,"1","0","0.1"
"401",28.630639,59.821556,401,FALSE,"1","0","0.1"
"402",28.632306,59.82075,402,FALSE,"1","0","0.1"
"403",28.632333,59.819083,403,FALSE,"1","0","0.1"
"404",28.633083,59.818694,404,FALSE,"1","0","0.1"
"405",28.634806,59.818667,405,FALSE,"1","0","0.1"
"406",28.636444,59.817861,406,FALSE,"1","0","0.1"
"407",28.643139,59.817833,407,FALSE,"1","0","0.1"
"408",28.644806,59.817,408,FALSE,"1","0","0.1"
"409",28.6465,59.816972,409,FALSE,"1","0","0.1"
"410",28.648139,59.816167,410,FALSE,"1","0","0.1"
"411",28.653139,59.816167,411,FALSE,"1","0","0.1"
"412",28.657222,59.814111,412,FALSE,"1","0","0.1"
"413",28.657278,59.81325,413,FALSE,"1","0","0.1"
"414",28.658944,59.812444,414,FALSE,"1","0","0.1"
"415",28.659028,59.811583,415,FALSE,"1","0","0.1"
"416",28.661444,59.810361,416,FALSE,"1","0","0.1"
"417",28.663139,59.810333,417,FALSE,"1","0","0.1"
"418",28.664806,59.8095,418,FALSE,"1","0","0.1"
"419",28.673194,59.8095,419,FALSE,"1","0","0.1"
"420",28.673944,59.809111,420,FALSE,"1","0","0.1"
"421",28.673944,59.806583,421,FALSE,"1","0","0.1"
"422",28.672306,59.80575,422,FALSE,"1","0","0.1"
"423",28.672222,59.804056,423,FALSE,"1","0","0.1"
"424",28.670611,59.803222,424,FALSE,"1","0","0.1"
"425",28.670639,59.801611,425,FALSE,"1","0","0.1"
"426",28.678139,59.797806,426,FALSE,"1","0","0.1"
"427",28.679722,59.797861,427,FALSE,"1","0","0.1"
"428",28.683139,59.796167,428,FALSE,"1","0","0.1"
"429",28.68475,59.796194,429,FALSE,"1","0","0.1"
"430",28.693111,59.791972,430,FALSE,"1","0","0.1"
"431",28.699806,59.792,431,FALSE,"1","0","0.1"
"432",28.702222,59.790722,432,FALSE,"1","0","0.1"
"433",28.702306,59.789861,433,FALSE,"1","0","0.1"
"434",28.703944,59.789111,434,FALSE,"1","0","0.1"
"435",28.703972,59.787389,435,FALSE,"1","0","0.1"
"436",28.705639,59.786556,436,FALSE,"1","0","0.1"
"437",28.705611,59.784056,437,FALSE,"1","0","0.1"
"438",28.709806,59.782,438,FALSE,"1","0","0.1"
"439",28.7115,59.782,439,FALSE,"1","0","0.1"
"440",28.718889,59.77825,440,FALSE,"1","0","0.1"
"441",28.718972,59.777444,441,FALSE,"1","0","0.1"
"442",28.7215,59.776167,442,FALSE,"1","0","0.1"
"443",28.723083,59.776139,443,FALSE,"1","0","0.1"
"444",28.72475,59.775306,444,FALSE,"1","0","0.1"
"445",28.731528,59.775333,445,FALSE,"1","0","0.1"
"446",28.733194,59.774528,446,FALSE,"1","0","0.1"
"447",28.734778,59.7745,447,FALSE,"1","0","0.1"
"448",28.736389,59.775333,448,FALSE,"1","0","0.1"
"449",28.741472,59.775333,449,FALSE,"1","0","0.1"
"450",28.743111,59.776167,450,FALSE,"1","0","0.1"
"451",28.74475,59.775333,451,FALSE,"1","0","0.1"
"452",28.751444,59.775306,452,FALSE,"1","0","0.1"
"453",28.753056,59.776139,453,FALSE,"1","0","0.1"
"454",28.75475,59.776167,454,FALSE,"1","0","0.1"
"455",28.7565,59.777,455,FALSE,"1","0","0.1"
"456",28.758083,59.776972,456,FALSE,"1","0","0.1"
"457",28.759722,59.777806,457,FALSE,"1","0","0.1"
"458",28.761417,59.777806,458,FALSE,"1","0","0.1"
"459",28.763139,59.778639,459,FALSE,"1","0","0.1"
"460",28.766417,59.778694,460,FALSE,"1","0","0.1"
"461",28.771417,59.781139,461,FALSE,"1","0","0.1"
"462",28.773111,59.781111,462,FALSE,"1","0","0.1"
"463",28.775556,59.782389,463,FALSE,"1","0","0.1"
"464",28.775611,59.78325,464,FALSE,"1","0","0.1"
"465",28.778972,59.784917,465,FALSE,"1","0","0.1"
"466",28.778917,59.785722,466,FALSE,"1","0","0.1"
"467",28.780528,59.786611,467,FALSE,"1","0","0.1"
"468",28.780611,59.788194,468,FALSE,"1","0","0.1"
"469",28.777194,59.789889,469,FALSE,"1","0","0.1"
"470",28.77725,59.794917,470,FALSE,"1","0","0.1"
"471",28.781417,59.796972,471,FALSE,"1","0","0.1"
"472",28.783139,59.797,472,FALSE,"1","0","0.1"
"473",28.783944,59.797389,473,FALSE,"1","0","0.1"
"474",28.783917,59.799056,474,FALSE,"1","0","0.1"
"475",28.782278,59.799917,475,FALSE,"1","0","0.1"
"476",28.78225,59.801528,476,FALSE,"1","0","0.1"
"477",28.780583,59.802389,477,FALSE,"1","0","0.1"
"478",28.780556,59.804056,478,FALSE,"1","0","0.1"
"479",28.781389,59.8045,479,FALSE,"1","0","0.1"
"480",28.784778,59.8045,480,FALSE,"1","0","0.1"
"481",28.790611,59.801583,481,FALSE,"1","0","0.1"
"482",28.790583,59.800722,482,FALSE,"1","0","0.1"
"483",28.792222,59.799917,483,FALSE,"1","0","0.1"
"484",28.792306,59.799056,484,FALSE,"1","0","0.1"
"485",28.793944,59.798222,485,FALSE,"1","0","0.1"
"486",28.793889,59.797361,486,FALSE,"1","0","0.1"
"487",28.794778,59.796972,487,FALSE,"1","0","0.1"
"488",28.796361,59.797,488,FALSE,"1","0","0.1"
"489",28.798028,59.796167,489,FALSE,"1","0","0.1"
"490",28.799722,59.796139,490,FALSE,"1","0","0.1"
"491",28.80225,59.794861,491,FALSE,"1","0","0.1"
"492",28.802194,59.791556,492,FALSE,"1","0","0.1"
"493",28.800556,59.790722,493,FALSE,"1","0","0.1"
"494",28.800528,59.785694,494,FALSE,"1","0","0.1"
"495",28.806472,59.782833,495,FALSE,"1","0","0.1"
"496",28.808056,59.782806,496,FALSE,"1","0","0.1"
"497",28.809694,59.782,497,FALSE,"1","0","0.1"
"498",28.811389,59.781972,498,FALSE,"1","0","0.1"
"499",28.813056,59.781139,499,FALSE,"1","0","0.1"
"500",28.823111,59.781111,500,FALSE,"1","0","0.1"
"501",28.824778,59.780306,501,FALSE,"1","0","0.1"
"502",28.826417,59.781194,502,FALSE,"1","0","0.1"
"503",28.831389,59.781167,503,FALSE,"1","0","0.1"
"504",28.833111,59.782,504,FALSE,"1","0","0.1"
"505",28.834806,59.781972,505,FALSE,"1","0","0.1"
"506",28.838083,59.783639,506,FALSE,"1","0","0.1"
"507",28.841472,59.783667,507,FALSE,"1","0","0.1"
"508",28.846361,59.786139,508,FALSE,"1","0","0.1"
"509",28.848056,59.786139,509,FALSE,"1","0","0.1"
"510",28.858889,59.791556,510,FALSE,"1","0","0.1"
"511",28.858944,59.792417,511,FALSE,"1","0","0.1"
"512",28.863944,59.794917,512,FALSE,"1","0","0.1"
"513",28.863861,59.795722,513,FALSE,"1","0","0.1"
"514",28.865611,59.796556,514,FALSE,"1","0","0.1"
"515",28.865583,59.79825,515,FALSE,"1","0","0.1"
"516",28.867333,59.799083,516,FALSE,"1","0","0.1"
"517",28.867194,59.80075,517,FALSE,"1","0","0.1"
"518",28.865556,59.801556,518,FALSE,"1","0","0.1"
"519",28.865611,59.802417,519,FALSE,"1","0","0.1"
"520",28.869778,59.804472,520,FALSE,"1","0","0.1"
"521",28.871389,59.8045,521,FALSE,"1","0","0.1"
"522",28.875556,59.806556,522,FALSE,"1","0","0.1"
"523",28.875667,59.808222,523,FALSE,"1","0","0.1"
"524",28.878,59.8095,524,FALSE,"1","0","0.1"
"525",28.883083,59.809472,525,FALSE,"1","0","0.1"
"526",28.886389,59.807833,526,FALSE,"1","0","0.1"
"527",28.893083,59.807778,527,FALSE,"1","0","0.1"
"528",28.895528,59.809056,528,FALSE,"1","0","0.1"
"529",28.895556,59.811583,529,FALSE,"1","0","0.1"
"530",28.898111,59.812778,530,FALSE,"1","0","0.1"
"531",28.899806,59.812778,531,FALSE,"1","0","0.1"
"532",28.902222,59.811528,532,FALSE,"1","0","0.1"
"533",28.902194,59.810667,533,FALSE,"1","0","0.1"
"534",28.903833,59.809917,534,FALSE,"1","0","0.1"
"535",28.903889,59.809056,535,FALSE,"1","0","0.1"
"536",28.904778,59.808583,536,FALSE,"1","0","0.1"
"537",28.908056,59.808667,537,FALSE,"1","0","0.1"
"538",28.909722,59.807778,538,FALSE,"1","0","0.1"
"539",28.913111,59.807778,539,FALSE,"1","0","0.1"
"540",28.914778,59.806972,540,FALSE,"1","0","0.1"
"541",28.916472,59.807,541,FALSE,"1","0","0.1"
"542",28.918111,59.806111,542,FALSE,"1","0","0.1"
"543",28.91975,59.806944,543,FALSE,"1","0","0.1"
"544",28.924722,59.806944,544,FALSE,"1","0","0.1"
"545",28.926361,59.80775,545,FALSE,"1","0","0.1"
"546",28.92975,59.807833,546,FALSE,"1","0","0.1"
"547",28.931389,59.808667,547,FALSE,"1","0","0.1"
"548",28.933083,59.808639,548,FALSE,"1","0","0.1"
"549",28.934722,59.809472,549,FALSE,"1","0","0.1"
"550",28.936417,59.8095,550,FALSE,"1","0","0.1"
"551",28.938056,59.810333,551,FALSE,"1","0","0.1"
"552",28.93975,59.810306,552,FALSE,"1","0","0.1"
"553",28.943028,59.811972,553,FALSE,"1","0","0.1"
"554",28.946417,59.811972,554,FALSE,"1","0","0.1"
"555",28.948056,59.812806,555,FALSE,"1","0","0.1"
"556",28.954722,59.812806,556,FALSE,"1","0","0.1"
"557",28.958139,59.811167,557,FALSE,"1","0","0.1"
"558",28.963028,59.811167,558,FALSE,"1","0","0.1"
"559",28.96475,59.811972,559,FALSE,"1","0","0.1"
"560",28.966333,59.811972,560,FALSE,"1","0","0.1"
"561",28.968083,59.812778,561,FALSE,"1","0","0.1"
"562",28.969778,59.81275,562,FALSE,"1","0","0.1"
"563",28.971417,59.813583,563,FALSE,"1","0","0.1"
"564",28.974722,59.813667,564,FALSE,"1","0","0.1"
"565",28.978917,59.815694,565,FALSE,"1","0","0.1"
"566",28.978861,59.816556,566,FALSE,"1","0","0.1"
"567",28.984806,59.8195,567,FALSE,"1","0","0.1"
"568",28.986389,59.819472,568,FALSE,"1","0","0.1"
"569",28.987194,59.819861,569,FALSE,"1","0","0.1"
"570",28.98725,59.820722,570,FALSE,"1","0","0.1"
"571",28.994722,59.824472,571,FALSE,"1","0","0.1"
"572",28.996417,59.824444,572,FALSE,"1","0","0.1"
"573",29,59.826167,573,FALSE,"1","0","0.1"
"574",29.004139,59.828278,574,FALSE,"1","0","0.1"
"575",29.004139,59.83,575,FALSE,"1","0","0.1"
"576",29.005778,59.830806,576,FALSE,"1","0","0.1"
"577",29.00575,59.832472,577,FALSE,"1","0","0.1"
"578",29.004111,59.833361,578,FALSE,"1","0","0.1"
"579",29.004139,59.834139,579,FALSE,"1","0","0.1"
"580",29.004972,59.834528,580,FALSE,"1","0","0.1"
"581",29.006556,59.834583,581,FALSE,"1","0","0.1"
"582",29.0075,59.835,582,FALSE,"1","0","0.1"
"583",29.007528,59.835806,583,FALSE,"1","0","0.1"
"584",29.01,59.837083,584,FALSE,"1","0","0.1"
"585",29.011694,59.837056,585,FALSE,"1","0","0.1"
"586",29.015778,59.839167,586,FALSE,"1","0","0.1"
"587",29.015722,59.840028,587,FALSE,"1","0","0.1"
"588",29.0225,59.843333,588,FALSE,"1","0","0.1"
"589",29.022444,59.844139,589,FALSE,"1","0","0.1"
"590",29.023361,59.844583,590,FALSE,"1","0","0.1"
"591",29.024944,59.844556,591,FALSE,"1","0","0.1"
"592",29.026611,59.843722,592,FALSE,"1","0","0.1"
"593",29.029889,59.84375,593,FALSE,"1","0","0.1"
"594",29.034083,59.845778,594,FALSE,"1","0","0.1"
"595",29.034139,59.846639,595,FALSE,"1","0","0.1"
"596",29.035778,59.847472,596,FALSE,"1","0","0.1"
"597",29.035833,59.848333,597,FALSE,"1","0","0.1"
"598",29.037472,59.849139,598,FALSE,"1","0","0.1"
"599",29.0375,59.854972,599,FALSE,"1","0","0.1"
"600",29.035722,59.855806,600,FALSE,"1","0","0.1"
"601",29.036667,59.85625,601,FALSE,"1","0","0.1"
"602",29.038361,59.856222,602,FALSE,"1","0","0.1"
"603",29.039889,59.857111,603,FALSE,"1","0","0.1"
"604",29.043278,59.857056,604,FALSE,"1","0","0.1"
"605",29.049944,59.860361,605,FALSE,"1","0","0.1"
"606",29.051667,59.860389,606,FALSE,"1","0","0.1"
"607",29.0575,59.863333,607,FALSE,"1","0","0.1"
"608",29.057444,59.864139,608,FALSE,"1","0","0.1"
"609",29.059083,59.865028,609,FALSE,"1","0","0.1"
"610",29.059139,59.865806,610,FALSE,"1","0","0.1"
"611",29.060778,59.866639,611,FALSE,"1","0","0.1"
"612",29.060833,59.867444,612,FALSE,"1","0","0.1"
"613",29.062472,59.868278,613,FALSE,"1","0","0.1"
"614",29.062444,59.871639,614,FALSE,"1","0","0.1"
"615",29.064194,59.872472,615,FALSE,"1","0","0.1"
"616",29.064139,59.884167,616,FALSE,"1","0","0.1"
"617",29.062472,59.884972,617,FALSE,"1","0","0.1"
"618",29.062472,59.886639,618,FALSE,"1","0","0.1"
"619",29.060806,59.887472,619,FALSE,"1","0","0.1"
"620",29.060806,59.889167,620,FALSE,"1","0","0.1"
"621",29.059167,59.89,621,FALSE,"1","0","0.1"
"622",29.059139,59.891639,622,FALSE,"1","0","0.1"
"623",29.059972,59.892028,623,FALSE,"1","0","0.1"
"624",29.061667,59.892056,624,FALSE,"1","0","0.1"
"625",29.062444,59.891667,625,FALSE,"1","0","0.1"
"626",29.062389,59.890806,626,FALSE,"1","0","0.1"
"627",29.064139,59.889972,627,FALSE,"1","0","0.1"
"628",29.064111,59.889111,628,FALSE,"1","0","0.1"
"629",29.067528,59.887472,629,FALSE,"1","0","0.1"
"630",29.067472,59.886667,630,FALSE,"1","0","0.1"
"631",29.07,59.885389,631,FALSE,"1","0","0.1"
"632",29.070806,59.885833,632,FALSE,"1","0","0.1"
"633",29.070861,59.886611,633,FALSE,"1","0","0.1"
"634",29.069111,59.8875,634,FALSE,"1","0","0.1"
"635",29.069167,59.888306,635,FALSE,"1","0","0.1"
"636",29.06575,59.889944,636,FALSE,"1","0","0.1"
"637",29.065806,59.890806,637,FALSE,"1","0","0.1"
"638",29.061611,59.892861,638,FALSE,"1","0","0.1"
"639",29.060028,59.892889,639,FALSE,"1","0","0.1"
"640",29.058361,59.893722,640,FALSE,"1","0","0.1"
"641",29.056667,59.89375,641,FALSE,"1","0","0.1"
"642",29.054139,59.894972,642,FALSE,"1","0","0.1"
"643",29.054194,59.895778,643,FALSE,"1","0","0.1"
"644",29.048222,59.898722,644,FALSE,"1","0","0.1"
"645",29.031667,59.898694,645,FALSE,"1","0","0.1"
"646",29.02825,59.900389,646,FALSE,"1","0","0.1"
"647",29.019944,59.900417,647,FALSE,"1","0","0.1"
"648",29.01575,59.902472,648,FALSE,"1","0","0.1"
"649",29.015806,59.903333,649,FALSE,"1","0","0.1"
"650",29.008333,59.907083,650,FALSE,"1","0","0.1"
"651",29.00575,59.905833,651,FALSE,"1","0","0.1"
"652",29.005806,59.904972,652,FALSE,"1","0","0.1"
"653",29.005,59.904583,653,FALSE,"1","0","0.1"
"654",29,59.904528,654,FALSE,"1","0","0.1"
"655",28.996444,59.904417,655,FALSE,"1","0","0.1"
"656",28.993917,59.905722,656,FALSE,"1","0","0.1"
"657",28.993861,59.9065,657,FALSE,"1","0","0.1"
"658",28.992194,59.907389,658,FALSE,"1","0","0.1"
"659",28.99225,59.908194,659,FALSE,"1","0","0.1"
"660",28.988944,59.909833,660,FALSE,"1","0","0.1"
"661",28.988889,59.910694,661,FALSE,"1","0","0.1"
"662",28.987222,59.911583,662,FALSE,"1","0","0.1"
"663",28.98725,59.914028,663,FALSE,"1","0","0.1"
"664",28.988083,59.914472,664,FALSE,"1","0","0.1"
"665",28.989778,59.914444,665,FALSE,"1","0","0.1"
"666",28.994639,59.911972,666,FALSE,"1","0","0.1"
"667",29,59.912,667,FALSE,"1","0","0.1"
"668",29.003278,59.913722,668,FALSE,"1","0","0.1"
"669",29.006556,59.91375,669,FALSE,"1","0","0.1"
"670",29.009139,59.914944,670,FALSE,"1","0","0.1"
"671",29.009083,59.915806,671,FALSE,"1","0","0.1"
"672",29.01,59.91625,672,FALSE,"1","0","0.1"
"673",29.013306,59.916194,673,FALSE,"1","0","0.1"
"674",29.016611,59.914556,674,FALSE,"1","0","0.1"
"675",29.021611,59.914583,675,FALSE,"1","0","0.1"
"676",29.02325,59.915417,676,FALSE,"1","0","0.1"
"677",29.024944,59.915389,677,FALSE,"1","0","0.1"
"678",29.026694,59.916222,678,FALSE,"1","0","0.1"
"679",29.028306,59.916194,679,FALSE,"1","0","0.1"
"680",29.029944,59.917028,680,FALSE,"1","0","0.1"
"681",29.033361,59.917083,681,FALSE,"1","0","0.1"
"682",29.035,59.917917,682,FALSE,"1","0","0.1"
"683",29.036694,59.917889,683,FALSE,"1","0","0.1"
"684",29.040806,59.919944,684,FALSE,"1","0","0.1"
"685",29.040722,59.920806,685,FALSE,"1","0","0.1"
"686",29.045778,59.923278,686,FALSE,"1","0","0.1"
"687",29.045833,59.924139,687,FALSE,"1","0","0.1"
"688",29.047472,59.924972,688,FALSE,"1","0","0.1"
"689",29.047528,59.925833,689,FALSE,"1","0","0.1"
"690",29.049167,59.926667,690,FALSE,"1","0","0.1"
"691",29.049083,59.927444,691,FALSE,"1","0","0.1"
"692",29.0525,59.929111,692,FALSE,"1","0","0.1"
"693",29.052528,59.931667,693,FALSE,"1","0","0.1"
"694",29.054056,59.9325,694,FALSE,"1","0","0.1"
"695",29.054167,59.935806,695,FALSE,"1","0","0.1"
"696",29.055806,59.936639,696,FALSE,"1","0","0.1"
"697",29.055806,59.945833,697,FALSE,"1","0","0.1"
"698",29.057444,59.946667,698,FALSE,"1","0","0.1"
"699",29.057444,59.955778,699,FALSE,"1","0","0.1"
"700",29.054139,59.9575,700,FALSE,"1","0","0.1"
"701",29.054111,59.959139,701,FALSE,"1","0","0.1"
"702",29.054944,59.959528,702,FALSE,"1","0","0.1"
"703",29.064944,59.959556,703,FALSE,"1","0","0.1"
"704",29.067417,59.960833,704,FALSE,"1","0","0.1"
"705",29.067528,59.964139,705,FALSE,"1","0","0.1"
"706",29.069972,59.965389,706,FALSE,"1","0","0.1"
"707",29.071694,59.965444,707,FALSE,"1","0","0.1"
"708",29.073333,59.964556,708,FALSE,"1","0","0.1"
"709",29.081639,59.964583,709,FALSE,"1","0","0.1"
"710",29.083306,59.963722,710,FALSE,"1","0","0.1"
"711",29.088306,59.96375,711,FALSE,"1","0","0.1"
"712",29.094056,59.966667,712,FALSE,"1","0","0.1"
"713",29.094111,59.967472,713,FALSE,"1","0","0.1"
"714",29.09575,59.968306,714,FALSE,"1","0","0.1"
"715",29.095806,59.969167,715,FALSE,"1","0","0.1"
"716",29.097472,59.969972,716,FALSE,"1","0","0.1"
"717",29.097444,59.971639,717,FALSE,"1","0","0.1"
"718",29.099917,59.972917,718,FALSE,"1","0","0.1"
"719",29.103333,59.972861,719,FALSE,"1","0","0.1"
"720",29.106639,59.971222,720,FALSE,"1","0","0.1"
"721",29.113361,59.971222,721,FALSE,"1","0","0.1"
"722",29.119111,59.974139,722,FALSE,"1","0","0.1"
"723",29.119167,59.975,723,FALSE,"1","0","0.1"
"724",29.120806,59.975833,724,FALSE,"1","0","0.1"
"725",29.120861,59.976639,725,FALSE,"1","0","0.1"
"726",29.122389,59.977472,726,FALSE,"1","0","0.1"
"727",29.12075,59.978333,727,FALSE,"1","0","0.1"
"728",29.120806,59.979139,728,FALSE,"1","0","0.1"
"729",29.120028,59.979556,729,FALSE,"1","0","0.1"
"730",29.114917,59.979583,730,FALSE,"1","0","0.1"
"731",29.114139,59.98,731,FALSE,"1","0","0.1"
"732",29.114083,59.982444,732,FALSE,"1","0","0.1"
"733",29.125,59.987917,733,FALSE,"1","0","0.1"
"734",29.131611,59.987917,734,FALSE,"1","0","0.1"
"735",29.1325,59.987444,735,FALSE,"1","0","0.1"
"736",29.132389,59.984139,736,FALSE,"1","0","0.1"
"737",29.130861,59.983306,737,FALSE,"1","0","0.1"
"738",29.131639,59.982889,738,FALSE,"1","0","0.1"
"739",29.133333,59.982917,739,FALSE,"1","0","0.1"
"740",29.135,59.982056,740,FALSE,"1","0","0.1"
"741",29.138278,59.982056,741,FALSE,"1","0","0.1"
"742",29.139944,59.981222,742,FALSE,"1","0","0.1"
"743",29.141667,59.98125,743,FALSE,"1","0","0.1"
"744",29.143306,59.980361,744,FALSE,"1","0","0.1"
"745",29.149917,59.980444,745,FALSE,"1","0","0.1"
"746",29.151667,59.98125,746,FALSE,"1","0","0.1"
"747",29.15325,59.98125,747,FALSE,"1","0","0.1"
"748",29.155028,59.982056,748,FALSE,"1","0","0.1"
"749",29.158333,59.982056,749,FALSE,"1","0","0.1"
"750",29.159972,59.982889,750,FALSE,"1","0","0.1"
"751",29.176583,59.982917,751,FALSE,"1","0","0.1"
"752",29.178361,59.983722,752,FALSE,"1","0","0.1"
"753",29.179944,59.983694,753,FALSE,"1","0","0.1"
"754",29.181611,59.982889,754,FALSE,"1","0","0.1"
"755",29.188306,59.986194,755,FALSE,"1","0","0.1"
"756",29.189889,59.986222,756,FALSE,"1","0","0.1"
"757",29.191667,59.987056,757,FALSE,"1","0","0.1"
"758",29.199917,59.982917,758,FALSE,"1","0","0.1"
"759",29.201639,59.982889,759,FALSE,"1","0","0.1"
"760",29.203278,59.983722,760,FALSE,"1","0","0.1"
"761",29.205,59.983694,761,FALSE,"1","0","0.1"
"762",29.206639,59.984583,762,FALSE,"1","0","0.1"
"763",29.208222,59.984611,763,FALSE,"1","0","0.1"
"764",29.210806,59.985833,764,FALSE,"1","0","0.1"
"765",29.210806,59.989194,765,FALSE,"1","0","0.1"
"766",29.2075,59.990833,766,FALSE,"1","0","0.1"
"767",29.207444,59.991639,767,FALSE,"1","0","0.1"
"768",29.205806,59.992472,768,FALSE,"1","0","0.1"
"769",29.20575,59.993333,769,FALSE,"1","0","0.1"
"770",29.208333,59.994583,770,FALSE,"1","0","0.1"
"771",29.211639,59.994528,771,FALSE,"1","0","0.1"
"772",29.213278,59.99375,772,FALSE,"1","0","0.1"
"773",29.214944,59.994583,773,FALSE,"1","0","0.1"
"774",29.22325,59.994556,774,FALSE,"1","0","0.1"
"775",29.224139,59.994139,775,FALSE,"1","0","0.1"
"776",29.224194,59.993306,776,FALSE,"1","0","0.1"
"777",29.231667,59.989583,777,FALSE,"1","0","0.1"
"778",29.24,59.989556,778,FALSE,"1","0","0.1"
"779",29.241639,59.988722,779,FALSE,"1","0","0.1"
"780",29.243333,59.988694,780,FALSE,"1","0","0.1"
"781",29.245,59.987917,781,FALSE,"1","0","0.1"
"782",29.246583,59.987889,782,FALSE,"1","0","0.1"
"783",29.255833,59.983278,783,FALSE,"1","0","0.1"
"784",29.255833,59.981639,784,FALSE,"1","0","0.1"
"785",29.261667,59.97875,785,FALSE,"1","0","0.1"
"786",29.263278,59.978722,786,FALSE,"1","0","0.1"
"787",29.265028,59.977889,787,FALSE,"1","0","0.1"
"788",29.266583,59.978722,788,FALSE,"1","0","0.1"
"789",29.278306,59.97875,789,FALSE,"1","0","0.1"
"790",29.279944,59.979556,790,FALSE,"1","0","0.1"
"791",29.28325,59.979556,791,FALSE,"1","0","0.1"
"792",29.285,59.980389,792,FALSE,"1","0","0.1"
"793",29.286611,59.980417,793,FALSE,"1","0","0.1"
"794",29.28825,59.98125,794,FALSE,"1","0","0.1"
"795",29.289972,59.981222,795,FALSE,"1","0","0.1"
"796",29.293278,59.982861,796,FALSE,"1","0","0.1"
"797",29.299972,59.982861,797,FALSE,"1","0","0.1"
"798",29.301639,59.982028,798,FALSE,"1","0","0.1"
"799",29.303333,59.982083,799,FALSE,"1","0","0.1"
"800",29.305,59.98125,800,FALSE,"1","0","0.1"
"801",29.306583,59.981222,801,FALSE,"1","0","0.1"
"802",29.31,59.979556,802,FALSE,"1","0","0.1"
"803",29.313306,59.979556,803,FALSE,"1","0","0.1"
"804",29.314944,59.978722,804,FALSE,"1","0","0.1"
"805",29.319944,59.97875,805,FALSE,"1","0","0.1"
"806",29.321611,59.979583,806,FALSE,"1","0","0.1"
"807",29.325028,59.979583,807,FALSE,"1","0","0.1"
"808",29.326667,59.980417,808,FALSE,"1","0","0.1"
"809",29.336583,59.980389,809,FALSE,"1","0","0.1"
"810",29.338333,59.979583,810,FALSE,"1","0","0.1"
"811",29.339944,59.979611,811,FALSE,"1","0","0.1"
"812",29.341583,59.978722,812,FALSE,"1","0","0.1"
"813",29.343278,59.97875,813,FALSE,"1","0","0.1"
"814",29.344944,59.977917,814,FALSE,"1","0","0.1"
"815",29.346639,59.977889,815,FALSE,"1","0","0.1"
"816",29.348278,59.977056,816,FALSE,"1","0","0.1"
"817",29.351694,59.977056,817,FALSE,"1","0","0.1"
"818",29.353361,59.976222,818,FALSE,"1","0","0.1"
"819",29.361667,59.976194,819,FALSE,"1","0","0.1"
"820",29.363306,59.975417,820,FALSE,"1","0","0.1"
"821",29.371611,59.975389,821,FALSE,"1","0","0.1"
"822",29.373278,59.976278,822,FALSE,"1","0","0.1"
"823",29.376667,59.976194,823,FALSE,"1","0","0.1"
"824",29.378333,59.975389,824,FALSE,"1","0","0.1"
"825",29.379917,59.975417,825,FALSE,"1","0","0.1"
"826",29.383333,59.97375,826,FALSE,"1","0","0.1"
"827",29.386639,59.97375,827,FALSE,"1","0","0.1"
"828",29.388278,59.972917,828,FALSE,"1","0","0.1"
"829",29.393278,59.972889,829,FALSE,"1","0","0.1"
"830",29.394944,59.972056,830,FALSE,"1","0","0.1"
"831",29.398222,59.972056,831,FALSE,"1","0","0.1"
"832",29.4,59.971222,832,FALSE,"1","0","0.1"
"833",29.408306,59.97125,833,FALSE,"1","0","0.1"
"834",29.409944,59.970417,834,FALSE,"1","0","0.1"
"835",29.411667,59.970389,835,FALSE,"1","0","0.1"
"836",29.413306,59.969556,836,FALSE,"1","0","0.1"
"837",29.416611,59.969556,837,FALSE,"1","0","0.1"
"838",29.424944,59.965389,838,FALSE,"1","0","0.1"
"839",29.426639,59.965361,839,FALSE,"1","0","0.1"
"840",29.428306,59.964556,840,FALSE,"1","0","0.1"
"841",29.434889,59.964583,841,FALSE,"1","0","0.1"
"842",29.436639,59.963694,842,FALSE,"1","0","0.1"
"843",29.43825,59.963722,843,FALSE,"1","0","0.1"
"844",29.439889,59.962889,844,FALSE,"1","0","0.1"
"845",29.443306,59.962889,845,FALSE,"1","0","0.1"
"846",29.444944,59.962056,846,FALSE,"1","0","0.1"
"847",29.446667,59.962083,847,FALSE,"1","0","0.1"
"848",29.448306,59.961194,848,FALSE,"1","0","0.1"
"849",29.45,59.961222,849,FALSE,"1","0","0.1"
"850",29.451667,59.960417,850,FALSE,"1","0","0.1"
"851",29.45325,59.960417,851,FALSE,"1","0","0.1"
"852",29.455,59.959528,852,FALSE,"1","0","0.1"
"853",29.479917,59.959583,853,FALSE,"1","0","0.1"
"854",29.481694,59.960417,854,FALSE,"1","0","0.1"
"855",29.511611,59.960417,855,FALSE,"1","0","0.1"
"856",29.513389,59.961222,856,FALSE,"1","0","0.1"
"857",29.54,59.96125,857,FALSE,"1","0","0.1"
"858",29.541639,59.960417,858,FALSE,"1","0","0.1"
"859",29.546639,59.960361,859,FALSE,"1","0","0.1"
"860",29.548278,59.959528,860,FALSE,"1","0","0.1"
"861",29.551583,59.959583,861,FALSE,"1","0","0.1"
"862",29.553222,59.95875,862,FALSE,"1","0","0.1"
"863",29.556639,59.958694,863,FALSE,"1","0","0.1"
"864",29.558278,59.957917,864,FALSE,"1","0","0.1"
"865",29.56,59.957889,865,FALSE,"1","0","0.1"
"866",29.561639,59.957056,866,FALSE,"1","0","0.1"
"867",29.563333,59.957028,867,FALSE,"1","0","0.1"
"868",29.566611,59.955417,868,FALSE,"1","0","0.1"
"869",29.568333,59.955389,869,FALSE,"1","0","0.1"
"870",29.569972,59.954556,870,FALSE,"1","0","0.1"
"871",29.571667,59.954583,871,FALSE,"1","0","0.1"
"872",29.573306,59.95375,872,FALSE,"1","0","0.1"
"873",29.574917,59.953722,873,FALSE,"1","0","0.1"
"874",29.576667,59.952889,874,FALSE,"1","0","0.1"
"875",29.57825,59.952917,875,FALSE,"1","0","0.1"
"876",29.583306,59.950417,876,FALSE,"1","0","0.1"
"877",29.585,59.950389,877,FALSE,"1","0","0.1"
"878",29.594083,59.945806,878,FALSE,"1","0","0.1"
"879",29.594139,59.944944,879,FALSE,"1","0","0.1"
"880",29.595778,59.944167,880,FALSE,"1","0","0.1"
"881",29.595833,59.943333,881,FALSE,"1","0","0.1"
"882",29.597472,59.9425,882,FALSE,"1","0","0.1"
"883",29.5975,59.941639,883,FALSE,"1","0","0.1"
"884",29.601556,59.939556,884,FALSE,"1","0","0.1"
"885",29.60325,59.939583,885,FALSE,"1","0","0.1"
"886",29.604889,59.93875,886,FALSE,"1","0","0.1"
"887",29.606611,59.938722,887,FALSE,"1","0","0.1"
"888",29.60825,59.937889,888,FALSE,"1","0","0.1"
"889",29.609944,59.937917,889,FALSE,"1","0","0.1"
"890",29.613222,59.93625,890,FALSE,"1","0","0.1"
"891",29.616639,59.93625,891,FALSE,"1","0","0.1"
"892",29.618278,59.935417,892,FALSE,"1","0","0.1"
"893",29.619972,59.935361,893,FALSE,"1","0","0.1"
"894",29.621639,59.934583,894,FALSE,"1","0","0.1"
"895",29.623333,59.934556,895,FALSE,"1","0","0.1"
"896",29.624972,59.933722,896,FALSE,"1","0","0.1"
"897",29.62825,59.933722,897,FALSE,"1","0","0.1"
"898",29.629917,59.932889,898,FALSE,"1","0","0.1"
"899",29.638306,59.932889,899,FALSE,"1","0","0.1"
"900",29.639972,59.933722,900,FALSE,"1","0","0.1"
"901",29.644972,59.933722,901,FALSE,"1","0","0.1"
"902",29.646639,59.934556,902,FALSE,"1","0","0.1"
"903",29.648222,59.934583,903,FALSE,"1","0","0.1"
"904",29.649972,59.93375,904,FALSE,"1","0","0.1"
"905",29.656694,59.933722,905,FALSE,"1","0","0.1"
"906",29.658333,59.934556,906,FALSE,"1","0","0.1"
"907",29.664944,59.934583,907,FALSE,"1","0","0.1"
"908",29.666583,59.93375,908,FALSE,"1","0","0.1"
"909",29.668278,59.933722,909,FALSE,"1","0","0.1"
"910",29.669917,59.932889,910,FALSE,"1","0","0.1"
"911",29.674917,59.932889,911,FALSE,"1","0","0.1"
"912",29.676667,59.932056,912,FALSE,"1","0","0.1"
"913",29.678333,59.932889,913,FALSE,"1","0","0.1"
"914",29.680028,59.932917,914,FALSE,"1","0","0.1"
"915",29.68075,59.933306,915,FALSE,"1","0","0.1"
"916",29.680806,59.934139,916,FALSE,"1","0","0.1"
"917",29.681639,59.934583,917,FALSE,"1","0","0.1"
"918",29.689944,59.934583,918,FALSE,"1","0","0.1"
"919",29.691611,59.935417,919,FALSE,"1","0","0.1"
"920",29.693306,59.935389,920,FALSE,"1","0","0.1"
"921",29.694944,59.934556,921,FALSE,"1","0","0.1"
"922",29.696667,59.934583,922,FALSE,"1","0","0.1"
"923",29.698306,59.933722,923,FALSE,"1","0","0.1"
"924",29.7,59.93375,924,FALSE,"1","0","0.1"
"925",29.701667,59.934583,925,FALSE,"1","0","0.1"
"926",29.704944,59.934583,926,FALSE,"1","0","0.1"
"927",29.706694,59.933722,927,FALSE,"1","0","0.1"
"928",29.716583,59.93375,928,FALSE,"1","0","0.1"
"929",29.718333,59.932861,929,FALSE,"1","0","0.1"
"930",29.721639,59.932917,930,FALSE,"1","0","0.1"
"931",29.723278,59.932083,931,FALSE,"1","0","0.1"
"932",29.726694,59.932056,932,FALSE,"1","0","0.1"
"933",29.728333,59.93125,933,FALSE,"1","0","0.1"
"934",29.731611,59.931222,934,FALSE,"1","0","0.1"
"935",29.735,59.929556,935,FALSE,"1","0","0.1"
"936",29.738306,59.929556,936,FALSE,"1","0","0.1"
"937",29.739944,59.928778,937,FALSE,"1","0","0.1"
"938",29.744944,59.928722,938,FALSE,"1","0","0.1"
"939",29.749917,59.93125,939,FALSE,"1","0","0.1"
"940",29.751639,59.93125,940,FALSE,"1","0","0.1"
"941",29.753278,59.932083,941,FALSE,"1","0","0.1"
"942",29.763278,59.932056,942,FALSE,"1","0","0.1"
"943",29.764917,59.931222,943,FALSE,"1","0","0.1"
"944",29.776639,59.93125,944,FALSE,"1","0","0.1"
"945",29.7775,59.930778,945,FALSE,"1","0","0.1"
"946",29.777444,59.929972,946,FALSE,"1","0","0.1"
"947",29.776611,59.929556,947,FALSE,"1","0","0.1"
"948",29.774917,59.929583,948,FALSE,"1","0","0.1"
"949",29.772417,59.928306,949,FALSE,"1","0","0.1"
"950",29.775028,59.927056,950,FALSE,"1","0","0.1"
"951",29.776639,59.927028,951,FALSE,"1","0","0.1"
"952",29.777444,59.927472,952,FALSE,"1","0","0.1"
"953",29.777528,59.928333,953,FALSE,"1","0","0.1"
"954",29.781556,59.930417,954,FALSE,"1","0","0.1"
"955",29.782444,59.93,955,FALSE,"1","0","0.1"
"956",29.782472,59.927472,956,FALSE,"1","0","0.1"
"957",29.780806,59.926667,957,FALSE,"1","0","0.1"
"958",29.780861,59.923278,958,FALSE,"1","0","0.1"
"959",29.779083,59.922472,959,FALSE,"1","0","0.1"
"960",29.779056,59.920806,960,FALSE,"1","0","0.1"
"961",29.784944,59.917889,961,FALSE,"1","0","0.1"
"962",29.796667,59.917889,962,FALSE,"1","0","0.1"
"963",29.797417,59.917472,963,FALSE,"1","0","0.1"
"964",29.797472,59.916667,964,FALSE,"1","0","0.1"
"965",29.796639,59.916222,965,FALSE,"1","0","0.1"
"966",29.794917,59.916194,966,FALSE,"1","0","0.1"
"967",29.794083,59.915833,967,FALSE,"1","0","0.1"
"968",29.794972,59.915417,968,FALSE,"1","0","0.1"
"969",29.79825,59.915389,969,FALSE,"1","0","0.1"
"970",29.802528,59.913306,970,FALSE,"1","0","0.1"
"971",29.802444,59.912444,971,FALSE,"1","0","0.1"
"972",29.806694,59.910417,972,FALSE,"1","0","0.1"
"973",29.808306,59.910389,973,FALSE,"1","0","0.1"
"974",29.810028,59.909556,974,FALSE,"1","0","0.1"
"975",29.813222,59.909583,975,FALSE,"1","0","0.1"
"976",29.814972,59.908694,976,FALSE,"1","0","0.1"
"977",29.81825,59.908694,977,FALSE,"1","0","0.1"
"978",29.819889,59.907917,978,FALSE,"1","0","0.1"
"979",29.821611,59.907889,979,FALSE,"1","0","0.1"
"980",29.823222,59.907056,980,FALSE,"1","0","0.1"
"981",29.824944,59.907056,981,FALSE,"1","0","0.1"
"982",29.828306,59.905389,982,FALSE,"1","0","0.1"
"983",29.829917,59.905417,983,FALSE,"1","0","0.1"
"984",29.831667,59.904583,984,FALSE,"1","0","0.1"
"985",29.83325,59.904556,985,FALSE,"1","0","0.1"
"986",29.835,59.903722,986,FALSE,"1","0","0.1"
"987",29.838278,59.90375,987,FALSE,"1","0","0.1"
"988",29.839917,59.902917,988,FALSE,"1","0","0.1"
"989",29.841583,59.90375,989,FALSE,"1","0","0.1"
"990",29.844972,59.903722,990,FALSE,"1","0","0.1"
"991",29.846611,59.902889,991,FALSE,"1","0","0.1"
"992",29.848278,59.903722,992,FALSE,"1","0","0.1"
"993",29.851583,59.90375,993,FALSE,"1","0","0.1"
"994",29.853361,59.904556,994,FALSE,"1","0","0.1"
"995",29.854972,59.903722,995,FALSE,"1","0","0.1"
"996",29.856694,59.90375,996,FALSE,"1","0","0.1"
"997",29.859944,59.902083,997,FALSE,"1","0","0.1"
"998",29.861639,59.902056,998,FALSE,"1","0","0.1"
"999",29.864917,59.900444,999,FALSE,"1","0","0.1"
"1000",29.866611,59.900389,1000,FALSE,"1","0","0.1"
"1001",29.86825,59.899556,1001,FALSE,"1","0","0.1"
"1002",29.87325,59.899583,1002,FALSE,"1","0","0.1"
"1003",29.875861,59.898306,1003,FALSE,"1","0","0.1"
"1004",29.875806,59.897472,1004,FALSE,"1","0","0.1"
"1005",29.878306,59.896222,1005,FALSE,"1","0","0.1"
"1006",29.879889,59.896222,1006,FALSE,"1","0","0.1"
"1007",29.881639,59.895389,1007,FALSE,"1","0","0.1"
"1008",29.884917,59.895389,1008,FALSE,"1","0","0.1"
"1009",29.885806,59.894972,1009,FALSE,"1","0","0.1"
"1010",29.885833,59.894167,1010,FALSE,"1","0","0.1"
"1011",29.888333,59.892917,1011,FALSE,"1","0","0.1"
"1012",29.889167,59.893278,1012,FALSE,"1","0","0.1"
"1013",29.889139,59.894139,1013,FALSE,"1","0","0.1"
"1014",29.889972,59.894583,1014,FALSE,"1","0","0.1"
"1015",29.89325,59.894556,1015,FALSE,"1","0","0.1"
"1016",29.89575,59.893306,1016,FALSE,"1","0","0.1"
"1017",29.895806,59.892472,1017,FALSE,"1","0","0.1"
"1018",29.896556,59.892056,1018,FALSE,"1","0","0.1"
"1019",29.898278,59.892056,1019,FALSE,"1","0","0.1"
"1020",29.899889,59.891222,1020,FALSE,"1","0","0.1"
"1021",29.9,59.89122154,1021,FALSE,"1","0","0.1"
"1022",29.9,59.61,1022,FALSE,"1","0","0.1"
"1023",28.085778,59.61,1023,FALSE,"1","0","0.1"
"1024",28.085778,59.6125,1024,FALSE,"1","0","0.1"
"1025",28.084111,59.613306,1025,FALSE,"1","0","0.1"
"1026",29.700778,59.951667,1,FALSE,"1","103947","103947.1"
"1027",29.70325,59.952861,2,FALSE,"1","103947","103947.1"
"1028",29.704972,59.952889,3,FALSE,"1","103947","103947.1"
"1029",29.705833,59.952472,4,FALSE,"1","103947","103947.1"
"1030",29.705778,59.951611,5,FALSE,"1","103947","103947.1"
"1031",29.704111,59.950778,6,FALSE,"1","103947","103947.1"
"1032",29.704167,59.95,7,FALSE,"1","103947","103947.1"
"1033",29.703333,59.949556,8,FALSE,"1","103947","103947.1"
"1034",29.701639,59.949583,9,FALSE,"1","103947","103947.1"
"1035",29.700861,59.95,10,FALSE,"1","103947","103947.1"
"1036",29.700778,59.951667,11,FALSE,"1","103947","103947.1"
"1037",28.356667,60.037889,1,FALSE,"1","104668","104668.1"
"1038",28.358278,60.037861,2,FALSE,"1","104668","104668.1"
"1039",28.360722,60.036639,3,FALSE,"1","104668","104668.1"
"1040",28.360694,60.033278,4,FALSE,"1","104668","104668.1"
"1041",28.359889,60.032889,5,FALSE,"1","104668","104668.1"
"1042",28.359111,60.033278,6,FALSE,"1","104668","104668.1"
"1043",28.359056,60.034944,7,FALSE,"1","104668","104668.1"
"1044",28.357389,60.035806,8,FALSE,"1","104668","104668.1"
"1045",28.357417,60.036611,9,FALSE,"1","104668","104668.1"
"1046",28.35575,60.037417,10,FALSE,"1","104668","104668.1"
"1047",28.356667,60.037889,11,FALSE,"1","104668","104668.1"
"1048",28.084056,59.81,1,FALSE,"1","105355","105355.1"
"1049",28.084861,59.810389,2,FALSE,"1","105355","105355.1"
"1050",28.086556,59.810361,3,FALSE,"1","105355","105355.1"
"1051",28.087333,59.809944,4,FALSE,"1","105355","105355.1"
"1052",28.087306,59.809167,5,FALSE,"1","105355","105355.1"
"1053",28.088972,59.808278,6,FALSE,"1","105355","105355.1"
"1054",28.089056,59.8075,7,FALSE,"1","105355","105355.1"
"1055",28.08825,59.807028,8,FALSE,"1","105355","105355.1"
"1056",28.086556,59.807056,9,FALSE,"1","105355","105355.1"
"1057",28.084111,59.808333,10,FALSE,"1","105355","105355.1"
"1058",28.084056,59.81,11,FALSE,"1","105355","105355.1"
"1059",28.449,59.819944,1,FALSE,"1","109839","109839.1"
"1060",28.449833,59.820389,2,FALSE,"1","109839","109839.1"
"1061",28.4515,59.8195,3,FALSE,"1","109839","109839.1"
"1062",28.453194,59.819556,4,FALSE,"1","109839","109839.1"
"1063",28.453972,59.819139,5,FALSE,"1","109839","109839.1"
"1064",28.454028,59.818278,6,FALSE,"1","109839","109839.1"
"1065",28.4515,59.817,7,FALSE,"1","109839","109839.1"
"1066",28.448944,59.818278,8,FALSE,"1","109839","109839.1"
"1067",28.449,59.819944,9,FALSE,"1","109839","109839.1"
"1068",28.317444,60.029083,1,FALSE,"1","111024","111024.1"
"1069",28.318278,60.029528,2,FALSE,"1","111024","111024.1"
"1070",28.319972,60.029528,3,FALSE,"1","111024","111024.1"
"1071",28.32075,60.029111,4,FALSE,"1","111024","111024.1"
"1072",28.320806,60.027472,5,FALSE,"1","111024","111024.1"
"1073",28.322472,60.026639,6,FALSE,"1","111024","111024.1"
"1074",28.321556,60.026194,7,FALSE,"1","111024","111024.1"
"1075",28.319833,60.026222,8,FALSE,"1","111024","111024.1"
"1076",28.317389,60.0275,9,FALSE,"1","111024","111024.1"
"1077",28.317444,60.029083,10,FALSE,"1","111024","111024.1"
"1078",28.30575,60.027444,1,FALSE,"1","111213","111213.1"
"1079",28.306583,60.027889,2,FALSE,"1","111213","111213.1"
"1080",28.308278,60.027861,3,FALSE,"1","111213","111213.1"
"1081",28.312417,60.025778,4,FALSE,"1","111213","111213.1"
"1082",28.311611,60.025389,5,FALSE,"1","111213","111213.1"
"1083",28.308194,60.025361,6,FALSE,"1","111213","111213.1"
"1084",28.305722,60.026639,7,FALSE,"1","111213","111213.1"
"1085",28.30575,60.027444,8,FALSE,"1","111213","111213.1"
"1086",28.339972,60.027889,1,FALSE,"1","111605","111605.1"
"1087",28.343278,60.027861,2,FALSE,"1","111605","111605.1"
"1088",28.345722,60.026639,3,FALSE,"1","111605","111605.1"
"1089",28.345806,60.025778,4,FALSE,"1","111605","111605.1"
"1090",28.345,60.025389,5,FALSE,"1","111605","111605.1"
"1091",28.343278,60.025361,6,FALSE,"1","111605","111605.1"
"1092",28.339139,60.027444,7,FALSE,"1","111605","111605.1"
"1093",28.339972,60.027889,8,FALSE,"1","111605","111605.1"
"1094",28.38075,60.003306,1,FALSE,"1","111630","111630.1"
"1095",28.381583,60.00375,2,FALSE,"1","111630","111630.1"
"1096",28.383278,60.003722,3,FALSE,"1","111630","111630.1"
"1097",28.38575,60.002444,4,FALSE,"1","111630","111630.1"
"1098",28.385694,60.001639,5,FALSE,"1","111630","111630.1"
"1099",28.384889,60.001194,6,FALSE,"1","111630","111630.1"
"1100",28.381583,60.001222,7,FALSE,"1","111630","111630.1"
"1101",28.380806,60.001639,8,FALSE,"1","111630","111630.1"
"1102",28.38075,60.003306,9,FALSE,"1","111630","111630.1"
"1103",28.444806,59.801167,1,FALSE,"1","111991","111991.1"
"1104",28.448194,59.801167,2,FALSE,"1","111991","111991.1"
"1105",28.448972,59.800778,3,FALSE,"1","111991","111991.1"
"1106",28.447361,59.799944,4,FALSE,"1","111991","111991.1"
"1107",28.447306,59.799083,5,FALSE,"1","111991","111991.1"
"1108",28.4465,59.798694,6,FALSE,"1","111991","111991.1"
"1109",28.444806,59.798694,7,FALSE,"1","111991","111991.1"
"1110",28.442361,59.799944,8,FALSE,"1","111991","111991.1"
"1111",28.444806,59.801167,9,FALSE,"1","111991","111991.1"
"1112",28.312472,60.029944,1,FALSE,"1","112144","112144.1"
"1113",28.310806,60.030806,2,FALSE,"1","112144","112144.1"
"1114",28.310722,60.031667,3,FALSE,"1","112144","112144.1"
"1115",28.311528,60.032056,4,FALSE,"1","112144","112144.1"
"1116",28.31325,60.032056,5,FALSE,"1","112144","112144.1"
"1117",28.314139,60.031639,6,FALSE,"1","112144","112144.1"
"1118",28.314111,60.030778,7,FALSE,"1","112144","112144.1"
"1119",28.315778,60.029972,8,FALSE,"1","112144","112144.1"
"1120",28.313222,60.02875,9,FALSE,"1","112144","112144.1"
"1121",28.311639,60.02875,10,FALSE,"1","112144","112144.1"
"1122",28.310722,60.029167,11,FALSE,"1","112144","112144.1"
"1123",28.312472,60.029944,12,FALSE,"1","112144","112144.1"
"1124",28.302417,60.023306,1,FALSE,"1","112553","112553.1"
"1125",28.304972,60.024528,2,FALSE,"1","112553","112553.1"
"1126",28.306556,60.024528,3,FALSE,"1","112553","112553.1"
"1127",28.307444,60.024111,4,FALSE,"1","112553","112553.1"
"1128",28.307389,60.022472,5,FALSE,"1","112553","112553.1"
"1129",28.306583,60.022028,6,FALSE,"1","112553","112553.1"
"1130",28.303278,60.022056,7,FALSE,"1","112553","112553.1"
"1131",28.3025,60.022444,8,FALSE,"1","112553","112553.1"
"1132",28.302417,60.023306,9,FALSE,"1","112553","112553.1"
"1133",28.982194,59.821528,1,FALSE,"1","119972","119972.1"
"1134",28.986417,59.823639,2,FALSE,"1","119972","119972.1"
"1135",28.987167,59.823222,3,FALSE,"1","119972","119972.1"
"1136",28.987222,59.822361,4,FALSE,"1","119972","119972.1"
"1137",28.985611,59.821528,5,FALSE,"1","119972","119972.1"
"1138",28.985556,59.82075,6,FALSE,"1","119972","119972.1"
"1139",28.984722,59.820306,7,FALSE,"1","119972","119972.1"
"1140",28.983139,59.82025,8,FALSE,"1","119972","119972.1"
"1141",28.982278,59.820722,9,FALSE,"1","119972","119972.1"
"1142",28.982194,59.821528,10,FALSE,"1","119972","119972.1"
"1143",29.694139,59.974944,1,FALSE,"1","120789","120789.1"
"1144",29.694972,59.975389,2,FALSE,"1","120789","120789.1"
"1145",29.697472,59.974139,3,FALSE,"1","120789","120789.1"
"1146",29.697472,59.9725,4,FALSE,"1","120789","120789.1"
"1147",29.696639,59.972056,5,FALSE,"1","120789","120789.1"
"1148",29.694917,59.972028,6,FALSE,"1","120789","120789.1"
"1149",29.694167,59.9725,7,FALSE,"1","120789","120789.1"
"1150",29.694139,59.974944,8,FALSE,"1","120789","120789.1"
"1151",29.702472,59.96,1,FALSE,"1","121204","121204.1"
"1152",29.704972,59.961222,2,FALSE,"1","121204","121204.1"
"1153",29.705833,59.960806,3,FALSE,"1","121204","121204.1"
"1154",29.70575,59.958278,4,FALSE,"1","121204","121204.1"
"1155",29.704917,59.957917,5,FALSE,"1","121204","121204.1"
"1156",29.703333,59.957944,6,FALSE,"1","121204","121204.1"
"1157",29.702444,59.958306,7,FALSE,"1","121204","121204.1"
"1158",29.702472,59.96,8,FALSE,"1","121204","121204.1"
"1159",28.3515,59.668694,1,FALSE,"1","121839","121839.1"
"1160",28.353194,59.668694,2,FALSE,"1","121839","121839.1"
"1161",28.354861,59.667806,3,FALSE,"1","121839","121839.1"
"1162",28.356556,59.667861,4,FALSE,"1","121839","121839.1"
"1163",28.357306,59.667444,5,FALSE,"1","121839","121839.1"
"1164",28.357389,59.666583,6,FALSE,"1","121839","121839.1"
"1165",28.356583,59.666194,7,FALSE,"1","121839","121839.1"
"1166",28.354889,59.666222,8,FALSE,"1","121839","121839.1"
"1167",28.350694,59.668306,9,FALSE,"1","121839","121839.1"
"1168",28.3515,59.668694,10,FALSE,"1","121839","121839.1"
"1169",28.060722,60.019139,1,FALSE,"1","13229","13229.1"
"1170",28.06,60.01873988,2,FALSE,"1","13229","13229.1"
"1171",28.06,60.02115042,3,FALSE,"1","13229","13229.1"
"1172",28.060667,60.020806,4,FALSE,"1","13229","13229.1"
"1173",28.060722,60.019139,5,FALSE,"1","13229","13229.1"
"1174",28.341556,60.030389,1,FALSE,"1","139673","139673.1"
"1175",28.344972,60.030361,2,FALSE,"1","139673","139673.1"
"1176",28.34575,60.029944,3,FALSE,"1","139673","139673.1"
"1177",28.344944,60.029556,4,FALSE,"1","139673","139673.1"
"1178",28.343333,60.029528,5,FALSE,"1","139673","139673.1"
"1179",28.341583,60.028667,6,FALSE,"1","139673","139673.1"
"1180",28.339889,60.028694,7,FALSE,"1","139673","139673.1"
"1181",28.339111,60.029167,8,FALSE,"1","139673","139673.1"
"1182",28.341556,60.030389,9,FALSE,"1","139673","139673.1"
"1183",28.347417,60.039972,1,FALSE,"1","140440","140440.1"
"1184",28.348222,60.040361,2,FALSE,"1","140440","140440.1"
"1185",28.351528,60.040389,3,FALSE,"1","140440","140440.1"
"1186",28.352417,60.039972,4,FALSE,"1","140440","140440.1"
"1187",28.349972,60.038694,5,FALSE,"1","140440","140440.1"
"1188",28.348278,60.038694,6,FALSE,"1","140440","140440.1"
"1189",28.347361,60.039111,7,FALSE,"1","140440","140440.1"
"1190",28.347417,60.039972,8,FALSE,"1","140440","140440.1"
"1191",28.3575,60.03,1,FALSE,"1","140728","140728.1"
"1192",28.359944,60.031222,2,FALSE,"1","140728","140728.1"
"1193",28.360833,60.030806,3,FALSE,"1","140728","140728.1"
"1194",28.36075,60.029111,4,FALSE,"1","140728","140728.1"
"1195",28.359944,60.028722,5,FALSE,"1","140728","140728.1"
"1196",28.358333,60.028667,6,FALSE,"1","140728","140728.1"
"1197",28.357444,60.029139,7,FALSE,"1","140728","140728.1"
"1198",28.3575,60.03,8,FALSE,"1","140728","140728.1"
"1199",28.351639,60.034556,1,FALSE,"1","153061","153061.1"
"1200",28.353222,60.034556,2,FALSE,"1","153061","153061.1"
"1201",28.354972,60.035389,3,FALSE,"1","153061","153061.1"
"1202",28.35575,60.034972,4,FALSE,"1","153061","153061.1"
"1203",28.355833,60.034111,5,FALSE,"1","153061","153061.1"
"1204",28.354917,60.033722,6,FALSE,"1","153061","153061.1"
"1205",28.351611,60.033722,7,FALSE,"1","153061","153061.1"
"1206",28.350806,60.034111,8,FALSE,"1","153061","153061.1"
"1207",28.351639,60.034556,9,FALSE,"1","153061","153061.1"
"1208",28.335778,60.031639,1,FALSE,"1","153683","153683.1"
"1209",28.336611,60.032028,2,FALSE,"1","153683","153683.1"
"1210",28.338194,60.032083,3,FALSE,"1","153683","153683.1"
"1211",28.339083,60.031611,4,FALSE,"1","153683","153683.1"
"1212",28.339056,60.03075,5,FALSE,"1","153683","153683.1"
"1213",28.33825,60.030361,6,FALSE,"1","153683","153683.1"
"1214",28.336639,60.030389,7,FALSE,"1","153683","153683.1"
"1215",28.33575,60.030806,8,FALSE,"1","153683","153683.1"
"1216",28.335778,60.031639,9,FALSE,"1","153683","153683.1"
"1217",28.348194,60.037056,1,FALSE,"1","154052","154052.1"
"1218",28.349917,60.037028,2,FALSE,"1","154052","154052.1"
"1219",28.351667,60.037861,3,FALSE,"1","154052","154052.1"
"1220",28.352444,60.037472,4,FALSE,"1","154052","154052.1"
"1221",28.352528,60.036611,5,FALSE,"1","154052","154052.1"
"1222",28.351583,60.036222,6,FALSE,"1","154052","154052.1"
"1223",28.348278,60.03625,7,FALSE,"1","154052","154052.1"
"1224",28.347389,60.036611,8,FALSE,"1","154052","154052.1"
"1225",28.348194,60.037056,9,FALSE,"1","154052","154052.1"
"1226",28.35075,60.024139,1,FALSE,"1","162933","162933.1"
"1227",28.351694,60.024528,2,FALSE,"1","162933","162933.1"
"1228",28.354139,60.023306,3,FALSE,"1","162933","162933.1"
"1229",28.353333,60.022861,4,FALSE,"1","162933","162933.1"
"1230",28.351611,60.022861,5,FALSE,"1","162933","162933.1"
"1231",28.350722,60.023278,6,FALSE,"1","162933","162933.1"
"1232",28.35075,60.024139,7,FALSE,"1","162933","162933.1"
"1233",28.334917,60.029556,1,FALSE,"1","164452","164452.1"
"1234",28.336611,60.029528,2,FALSE,"1","164452","164452.1"
"1235",28.337389,60.029111,3,FALSE,"1","164452","164452.1"
"1236",28.337361,60.028333,4,FALSE,"1","164452","164452.1"
"1237",28.336556,60.027861,5,FALSE,"1","164452","164452.1"
"1238",28.334083,60.029111,6,FALSE,"1","164452","164452.1"
"1239",28.334917,60.029556,7,FALSE,"1","164452","164452.1"
"1240",28.344972,60.038694,1,FALSE,"1","164972","164972.1"
"1241",28.346556,60.038722,2,FALSE,"1","164972","164972.1"
"1242",28.347333,60.038306,3,FALSE,"1","164972","164972.1"
"1243",28.347417,60.037472,4,FALSE,"1","164972","164972.1"
"1244",28.346611,60.037,5,FALSE,"1","164972","164972.1"
"1245",28.344139,60.038306,6,FALSE,"1","164972","164972.1"
"1246",28.344972,60.038694,7,FALSE,"1","164972","164972.1"
"1247",28.344917,60.032056,1,FALSE,"1","170878","170878.1"
"1248",28.346639,60.032056,2,FALSE,"1","170878","170878.1"
"1249",28.347417,60.031639,3,FALSE,"1","170878","170878.1"
"1250",28.346583,60.031194,4,FALSE,"1","170878","170878.1"
"1251",28.344889,60.031222,5,FALSE,"1","170878","170878.1"
"1252",28.344111,60.031611,6,FALSE,"1","170878","170878.1"
"1253",28.344917,60.032056,7,FALSE,"1","170878","170878.1"
"1254",28.360778,60.015833,1,FALSE,"1","171368","171368.1"
"1255",28.361583,60.016222,2,FALSE,"1","171368","171368.1"
"1256",28.362389,60.015806,3,FALSE,"1","171368","171368.1"
"1257",28.362444,60.014944,4,FALSE,"1","171368","171368.1"
"1258",28.361639,60.014556,5,FALSE,"1","171368","171368.1"
"1259",28.36075,60.014972,6,FALSE,"1","171368","171368.1"
"1260",28.360778,60.015833,7,FALSE,"1","171368","171368.1"
"1261",28.364972,60.017889,1,FALSE,"1","172394","172394.1"
"1262",28.366556,60.017861,2,FALSE,"1","172394","172394.1"
"1263",28.367444,60.017472,3,FALSE,"1","172394","172394.1"
"1264",28.366639,60.017083,4,FALSE,"1","172394","172394.1"
"1265",28.364944,60.017028,5,FALSE,"1","172394","172394.1"
"1266",28.364139,60.017444,6,FALSE,"1","172394","172394.1"
"1267",28.364972,60.017889,7,FALSE,"1","172394","172394.1"
"1268",28.343306,60.034528,1,FALSE,"1","178179","178179.1"
"1269",28.344083,60.034139,2,FALSE,"1","178179","178179.1"
"1270",28.341528,60.032889,3,FALSE,"1","178179","178179.1"
"1271",28.343306,60.034528,4,FALSE,"1","178179","178179.1"
"1272",28.363333,60.017056,1,FALSE,"1","178593","178593.1"
"1273",28.364111,60.016639,2,FALSE,"1","178593","178593.1"
"1274",28.363306,60.016194,3,FALSE,"1","178593","178593.1"
"1275",28.362417,60.016667,4,FALSE,"1","178593","178593.1"
"1276",28.363333,60.017056,5,FALSE,"1","178593","178593.1"
"1277",28.368306,60.012889,1,FALSE,"1","180167","180167.1"
"1278",28.369083,60.012472,2,FALSE,"1","180167","180167.1"
"1279",28.36825,60.012028,3,FALSE,"1","180167","180167.1"
"1280",28.368306,60.012889,4,FALSE,"1","180167","180167.1"
"1281",29.715778,60.059167,1,FALSE,"1","44774","44774.1"
"1282",29.716611,60.059528,2,FALSE,"1","44774","44774.1"
"1283",29.719917,60.059583,3,FALSE,"1","44774","44774.1"
"1284",29.721583,60.060417,4,FALSE,"1","44774","44774.1"
"1285",29.725,60.060389,5,FALSE,"1","44774","44774.1"
"1286",29.726556,60.061222,6,FALSE,"1","44774","44774.1"
"1287",29.73,60.06125,7,FALSE,"1","44774","44774.1"
"1288",29.730861,60.060778,8,FALSE,"1","44774","44774.1"
"1289",29.730833,60.059194,9,FALSE,"1","44774","44774.1"
"1290",29.73,60.05875,10,FALSE,"1","44774","44774.1"
"1291",29.726583,60.05875,11,FALSE,"1","44774","44774.1"
"1292",29.719917,60.055417,12,FALSE,"1","44774","44774.1"
"1293",29.716611,60.055444,13,FALSE,"1","44774","44774.1"
"1294",29.715833,60.055778,14,FALSE,"1","44774","44774.1"
"1295",29.715778,60.059167,15,FALSE,"1","44774","44774.1"
"1296",29.782472,59.998278,1,FALSE,"1","4688","4688.1"
"1297",29.783361,59.997917,2,FALSE,"1","4688","4688.1"
"1298",29.784944,59.997889,3,FALSE,"1","4688","4688.1"
"1299",29.788361,59.996222,4,FALSE,"1","4688","4688.1"
"1300",29.789944,59.99625,5,FALSE,"1","4688","4688.1"
"1301",29.791694,59.995417,6,FALSE,"1","4688","4688.1"
"1302",29.793306,59.995417,7,FALSE,"1","4688","4688.1"
"1303",29.802472,59.990778,8,FALSE,"1","4688","4688.1"
"1304",29.802472,59.986667,9,FALSE,"1","4688","4688.1"
"1305",29.805833,59.984944,10,FALSE,"1","4688","4688.1"
"1306",29.805778,59.984167,11,FALSE,"1","4688","4688.1"
"1307",29.804944,59.983722,12,FALSE,"1","4688","4688.1"
"1308",29.801639,59.983722,13,FALSE,"1","4688","4688.1"
"1309",29.8,59.984556,14,FALSE,"1","4688","4688.1"
"1310",29.795,59.984556,15,FALSE,"1","4688","4688.1"
"1311",29.794167,59.984167,16,FALSE,"1","4688","4688.1"
"1312",29.794167,59.98,17,FALSE,"1","4688","4688.1"
"1313",29.793333,59.979556,18,FALSE,"1","4688","4688.1"
"1314",29.791611,59.979556,19,FALSE,"1","4688","4688.1"
"1315",29.789111,59.978278,20,FALSE,"1","4688","4688.1"
"1316",29.790861,59.9775,21,FALSE,"1","4688","4688.1"
"1317",29.790806,59.976667,22,FALSE,"1","4688","4688.1"
"1318",29.794083,59.975,23,FALSE,"1","4688","4688.1"
"1319",29.794167,59.973333,24,FALSE,"1","4688","4688.1"
"1320",29.79,59.97125,25,FALSE,"1","4688","4688.1"
"1321",29.7875,59.9725,26,FALSE,"1","4688","4688.1"
"1322",29.787444,59.973306,27,FALSE,"1","4688","4688.1"
"1323",29.785806,59.974139,28,FALSE,"1","4688","4688.1"
"1324",29.785722,59.975806,29,FALSE,"1","4688","4688.1"
"1325",29.782444,59.977528,30,FALSE,"1","4688","4688.1"
"1326",29.782528,59.978306,31,FALSE,"1","4688","4688.1"
"1327",29.78075,59.979139,32,FALSE,"1","4688","4688.1"
"1328",29.780833,59.98,33,FALSE,"1","4688","4688.1"
"1329",29.781667,59.980389,34,FALSE,"1","4688","4688.1"
"1330",29.78325,59.980417,35,FALSE,"1","4688","4688.1"
"1331",29.784083,59.980778,36,FALSE,"1","4688","4688.1"
"1332",29.784167,59.981639,37,FALSE,"1","4688","4688.1"
"1333",29.781639,59.982889,38,FALSE,"1","4688","4688.1"
"1334",29.779944,59.982861,39,FALSE,"1","4688","4688.1"
"1335",29.778306,59.983778,40,FALSE,"1","4688","4688.1"
"1336",29.776722,59.98375,41,FALSE,"1","4688","4688.1"
"1337",29.774944,59.984583,42,FALSE,"1","4688","4688.1"
"1338",29.771667,59.984583,43,FALSE,"1","4688","4688.1"
"1339",29.77,59.985361,44,FALSE,"1","4688","4688.1"
"1340",29.768306,59.985389,45,FALSE,"1","4688","4688.1"
"1341",29.766667,59.986222,46,FALSE,"1","4688","4688.1"
"1342",29.764972,59.986278,47,FALSE,"1","4688","4688.1"
"1343",29.764083,59.986639,48,FALSE,"1","4688","4688.1"
"1344",29.764111,59.988333,49,FALSE,"1","4688","4688.1"
"1345",29.76325,59.98875,50,FALSE,"1","4688","4688.1"
"1346",29.762528,59.988306,51,FALSE,"1","4688","4688.1"
"1347",29.762444,59.987528,52,FALSE,"1","4688","4688.1"
"1348",29.761611,59.987083,53,FALSE,"1","4688","4688.1"
"1349",29.756611,59.987083,54,FALSE,"1","4688","4688.1"
"1350",29.754972,59.987917,55,FALSE,"1","4688","4688.1"
"1351",29.75325,59.987889,56,FALSE,"1","4688","4688.1"
"1352",29.750861,59.989139,57,FALSE,"1","4688","4688.1"
"1353",29.750806,59.99,58,FALSE,"1","4688","4688.1"
"1354",29.752472,59.990806,59,FALSE,"1","4688","4688.1"
"1355",29.7525,59.992472,60,FALSE,"1","4688","4688.1"
"1356",29.751611,59.992889,61,FALSE,"1","4688","4688.1"
"1357",29.74,59.992889,62,FALSE,"1","4688","4688.1"
"1358",29.73825,59.993722,63,FALSE,"1","4688","4688.1"
"1359",29.736667,59.99375,64,FALSE,"1","4688","4688.1"
"1360",29.735778,59.994111,65,FALSE,"1","4688","4688.1"
"1361",29.73575,59.994972,66,FALSE,"1","4688","4688.1"
"1362",29.732472,59.996639,67,FALSE,"1","4688","4688.1"
"1363",29.734139,59.997528,68,FALSE,"1","4688","4688.1"
"1364",29.734194,59.998333,69,FALSE,"1","4688","4688.1"
"1365",29.734917,59.998694,70,FALSE,"1","4688","4688.1"
"1366",29.740028,59.998722,71,FALSE,"1","4688","4688.1"
"1367",29.74075,59.999167,72,FALSE,"1","4688","4688.1"
"1368",29.74,59.999556,73,FALSE,"1","4688","4688.1"
"1369",29.738278,59.999556,74,FALSE,"1","4688","4688.1"
"1370",29.737472,60,75,FALSE,"1","4688","4688.1"
"1371",29.735,60.002056,76,FALSE,"1","4688","4688.1"
"1372",29.733306,60.002083,77,FALSE,"1","4688","4688.1"
"1373",29.728278,60.004528,78,FALSE,"1","4688","4688.1"
"1374",29.726667,60.004556,79,FALSE,"1","4688","4688.1"
"1375",29.724917,60.005389,80,FALSE,"1","4688","4688.1"
"1376",29.723333,60.005417,81,FALSE,"1","4688","4688.1"
"1377",29.721694,60.006194,82,FALSE,"1","4688","4688.1"
"1378",29.713361,60.006194,83,FALSE,"1","4688","4688.1"
"1379",29.711583,60.005389,84,FALSE,"1","4688","4688.1"
"1380",29.704972,60.005417,85,FALSE,"1","4688","4688.1"
"1381",29.700833,60.0075,86,FALSE,"1","4688","4688.1"
"1382",29.700778,60.008333,87,FALSE,"1","4688","4688.1"
"1383",29.6975,60.009944,88,FALSE,"1","4688","4688.1"
"1384",29.697444,60.010806,89,FALSE,"1","4688","4688.1"
"1385",29.692417,60.013306,90,FALSE,"1","4688","4688.1"
"1386",29.692472,60.014167,91,FALSE,"1","4688","4688.1"
"1387",29.690833,60.015,92,FALSE,"1","4688","4688.1"
"1388",29.690806,60.015861,93,FALSE,"1","4688","4688.1"
"1389",29.682472,60.019972,94,FALSE,"1","4688","4688.1"
"1390",29.682417,60.020806,95,FALSE,"1","4688","4688.1"
"1391",29.676611,60.023722,96,FALSE,"1","4688","4688.1"
"1392",29.674917,60.02375,97,FALSE,"1","4688","4688.1"
"1393",29.673278,60.024583,98,FALSE,"1","4688","4688.1"
"1394",29.664944,60.024583,99,FALSE,"1","4688","4688.1"
"1395",29.661667,60.02625,100,FALSE,"1","4688","4688.1"
"1396",29.653222,60.02625,101,FALSE,"1","4688","4688.1"
"1397",29.649944,60.027917,102,FALSE,"1","4688","4688.1"
"1398",29.643333,60.027944,103,FALSE,"1","4688","4688.1"
"1399",29.642444,60.028361,104,FALSE,"1","4688","4688.1"
"1400",29.642472,60.03,105,FALSE,"1","4688","4688.1"
"1401",29.639167,60.031667,106,FALSE,"1","4688","4688.1"
"1402",29.641667,60.032944,107,FALSE,"1","4688","4688.1"
"1403",29.643278,60.032889,108,FALSE,"1","4688","4688.1"
"1404",29.644944,60.033722,109,FALSE,"1","4688","4688.1"
"1405",29.646639,60.03375,110,FALSE,"1","4688","4688.1"
"1406",29.648278,60.032917,111,FALSE,"1","4688","4688.1"
"1407",29.651583,60.032917,112,FALSE,"1","4688","4688.1"
"1408",29.655,60.03125,113,FALSE,"1","4688","4688.1"
"1409",29.66,60.03125,114,FALSE,"1","4688","4688.1"
"1410",29.661667,60.030417,115,FALSE,"1","4688","4688.1"
"1411",29.669972,60.030417,116,FALSE,"1","4688","4688.1"
"1412",29.671611,60.029583,117,FALSE,"1","4688","4688.1"
"1413",29.674917,60.029583,118,FALSE,"1","4688","4688.1"
"1414",29.676694,60.02875,119,FALSE,"1","4688","4688.1"
"1415",29.678278,60.028778,120,FALSE,"1","4688","4688.1"
"1416",29.679944,60.029583,121,FALSE,"1","4688","4688.1"
"1417",29.68325,60.029583,122,FALSE,"1","4688","4688.1"
"1418",29.684889,60.02875,123,FALSE,"1","4688","4688.1"
"1419",29.686611,60.028778,124,FALSE,"1","4688","4688.1"
"1420",29.689889,60.027056,125,FALSE,"1","4688","4688.1"
"1421",29.691583,60.027083,126,FALSE,"1","4688","4688.1"
"1422",29.69325,60.02625,127,FALSE,"1","4688","4688.1"
"1423",29.694944,60.026278,128,FALSE,"1","4688","4688.1"
"1424",29.696583,60.025389,129,FALSE,"1","4688","4688.1"
"1425",29.703306,60.025417,130,FALSE,"1","4688","4688.1"
"1426",29.704083,60.025,131,FALSE,"1","4688","4688.1"
"1427",29.704111,60.024139,132,FALSE,"1","4688","4688.1"
"1428",29.706639,60.022889,133,FALSE,"1","4688","4688.1"
"1429",29.714972,60.022889,134,FALSE,"1","4688","4688.1"
"1430",29.716611,60.022056,135,FALSE,"1","4688","4688.1"
"1431",29.721611,60.022056,136,FALSE,"1","4688","4688.1"
"1432",29.72325,60.02125,137,FALSE,"1","4688","4688.1"
"1433",29.726694,60.021278,138,FALSE,"1","4688","4688.1"
"1434",29.728333,60.020389,139,FALSE,"1","4688","4688.1"
"1435",29.729917,60.020417,140,FALSE,"1","4688","4688.1"
"1436",29.734944,60.017917,141,FALSE,"1","4688","4688.1"
"1437",29.736667,60.017889,142,FALSE,"1","4688","4688.1"
"1438",29.743222,60.014611,143,FALSE,"1","4688","4688.1"
"1439",29.744944,60.014556,144,FALSE,"1","4688","4688.1"
"1440",29.751611,60.011222,145,FALSE,"1","4688","4688.1"
"1441",29.753333,60.01125,146,FALSE,"1","4688","4688.1"
"1442",29.761639,60.007083,147,FALSE,"1","4688","4688.1"
"1443",29.763333,60.007056,148,FALSE,"1","4688","4688.1"
"1444",29.764972,60.006222,149,FALSE,"1","4688","4688.1"
"1445",29.766639,60.007083,150,FALSE,"1","4688","4688.1"
"1446",29.76825,60.007056,151,FALSE,"1","4688","4688.1"
"1447",29.769111,60.006639,152,FALSE,"1","4688","4688.1"
"1448",29.769083,60.005,153,FALSE,"1","4688","4688.1"
"1449",29.769972,60.004583,154,FALSE,"1","4688","4688.1"
"1450",29.774972,60.004583,155,FALSE,"1","4688","4688.1"
"1451",29.78075,60,156,FALSE,"1","4688","4688.1"
"1452",29.782444,59.999139,157,FALSE,"1","4688","4688.1"
"1453",29.782472,59.998278,158,FALSE,"1","4688","4688.1"
"1454",29.84575,60.081639,1,FALSE,"1","48639","48639.1"
"1455",29.849917,60.083722,2,FALSE,"1","48639","48639.1"
"1456",29.851639,60.08375,3,FALSE,"1","48639","48639.1"
"1457",29.853306,60.084556,4,FALSE,"1","48639","48639.1"
"1458",29.855833,60.083306,5,FALSE,"1","48639","48639.1"
"1459",29.854167,60.082472,6,FALSE,"1","48639","48639.1"
"1460",29.854194,60.081639,7,FALSE,"1","48639","48639.1"
"1461",29.852417,60.080806,8,FALSE,"1","48639","48639.1"
"1462",29.852444,60.079944,9,FALSE,"1","48639","48639.1"
"1463",29.850778,60.079139,10,FALSE,"1","48639","48639.1"
"1464",29.85075,60.077472,11,FALSE,"1","48639","48639.1"
"1465",29.850028,60.077083,12,FALSE,"1","48639","48639.1"
"1466",29.846611,60.077056,13,FALSE,"1","48639","48639.1"
"1467",29.845722,60.077472,14,FALSE,"1","48639","48639.1"
"1468",29.84575,60.081639,15,FALSE,"1","48639","48639.1"
"1469",28.314861,60.021194,1,FALSE,"1","55778","55778.1"
"1470",28.316556,60.021222,2,FALSE,"1","55778","55778.1"
"1471",28.319,60.022472,3,FALSE,"1","55778","55778.1"
"1472",28.319083,60.024111,4,FALSE,"1","55778","55778.1"
"1473",28.319889,60.024556,5,FALSE,"1","55778","55778.1"
"1474",28.323194,60.024528,6,FALSE,"1","55778","55778.1"
"1475",28.324083,60.024111,7,FALSE,"1","55778","55778.1"
"1476",28.324139,60.022472,8,FALSE,"1","55778","55778.1"
"1477",28.322389,60.021639,9,FALSE,"1","55778","55778.1"
"1478",28.322417,60.019111,10,FALSE,"1","55778","55778.1"
"1479",28.321583,60.018722,11,FALSE,"1","55778","55778.1"
"1480",28.319889,60.01875,12,FALSE,"1","55778","55778.1"
"1481",28.318222,60.019556,13,FALSE,"1","55778","55778.1"
"1482",28.313306,60.019556,14,FALSE,"1","55778","55778.1"
"1483",28.312417,60.019972,15,FALSE,"1","55778","55778.1"
"1484",28.314861,60.021194,16,FALSE,"1","55778","55778.1"
"1485",28.072361,59.812472,1,FALSE,"1","56704","56704.1"
"1486",28.073167,59.812861,2,FALSE,"1","56704","56704.1"
"1487",28.079833,59.812917,3,FALSE,"1","56704","56704.1"
"1488",28.082389,59.811667,4,FALSE,"1","56704","56704.1"
"1489",28.082417,59.808333,5,FALSE,"1","56704","56704.1"
"1490",28.081472,59.807889,6,FALSE,"1","56704","56704.1"
"1491",28.079806,59.808694,7,FALSE,"1","56704","56704.1"
"1492",28.078222,59.808722,8,FALSE,"1","56704","56704.1"
"1493",28.072333,59.811667,9,FALSE,"1","56704","56704.1"
"1494",28.072361,59.812472,10,FALSE,"1","56704","56704.1"
"1495",29.699111,59.998306,1,FALSE,"1","68291","68291.1"
"1496",29.699944,59.99875,2,FALSE,"1","68291","68291.1"
"1497",29.70325,59.998722,3,FALSE,"1","68291","68291.1"
"1498",29.704111,59.998306,4,FALSE,"1","68291","68291.1"
"1499",29.704167,59.997444,5,FALSE,"1","68291","68291.1"
"1500",29.707444,59.995833,6,FALSE,"1","68291","68291.1"
"1501",29.704944,59.994583,7,FALSE,"1","68291","68291.1"
"1502",29.701667,59.994611,8,FALSE,"1","68291","68291.1"
"1503",29.699139,59.995833,9,FALSE,"1","68291","68291.1"
"1504",29.699111,59.998306,10,FALSE,"1","68291","68291.1"
"1505",28.084056,59.8175,1,FALSE,"1","69684","69684.1"
"1506",28.084861,59.817917,2,FALSE,"1","69684","69684.1"
"1507",28.088278,59.817861,3,FALSE,"1","69684","69684.1"
"1508",28.089056,59.817472,4,FALSE,"1","69684","69684.1"
"1509",28.089111,59.815806,5,FALSE,"1","69684","69684.1"
"1510",28.092444,59.814139,6,FALSE,"1","69684","69684.1"
"1511",28.091528,59.81375,7,FALSE,"1","69684","69684.1"
"1512",28.089833,59.81375,8,FALSE,"1","69684","69684.1"
"1513",28.088222,59.812917,9,FALSE,"1","69684","69684.1"
"1514",28.085639,59.814139,10,FALSE,"1","69684","69684.1"
"1515",28.085667,59.815,11,FALSE,"1","69684","69684.1"
"1516",28.084,59.815806,12,FALSE,"1","69684","69684.1"
"1517",28.084056,59.8175,13,FALSE,"1","69684","69684.1"
"1518",28.329111,60.024139,1,FALSE,"1","69985","69985.1"
"1519",28.330722,60.024972,2,FALSE,"1","69985","69985.1"
"1520",28.330806,60.026611,3,FALSE,"1","69985","69985.1"
"1521",28.33325,60.027917,4,FALSE,"1","69985","69985.1"
"1522",28.334139,60.027444,5,FALSE,"1","69985","69985.1"
"1523",28.334111,60.024139,6,FALSE,"1","69985","69985.1"
"1524",28.332361,60.023306,7,FALSE,"1","69985","69985.1"
"1525",28.332417,60.021583,8,FALSE,"1","69985","69985.1"
"1526",28.329972,60.020361,9,FALSE,"1","69985","69985.1"
"1527",28.329083,60.02075,10,FALSE,"1","69985","69985.1"
"1528",28.329111,60.024139,11,FALSE,"1","69985","69985.1"
"1529",29.757444,60.030806,1,FALSE,"1","75359","75359.1"
"1530",29.758278,60.031222,2,FALSE,"1","75359","75359.1"
"1531",29.765028,60.031278,3,FALSE,"1","75359","75359.1"
"1532",29.765778,60.030806,4,FALSE,"1","75359","75359.1"
"1533",29.765861,60.029194,5,FALSE,"1","75359","75359.1"
"1534",29.764917,60.02875,6,FALSE,"1","75359","75359.1"
"1535",29.758306,60.028722,7,FALSE,"1","75359","75359.1"
"1536",29.757444,60.029194,8,FALSE,"1","75359","75359.1"
"1537",29.757444,60.030806,9,FALSE,"1","75359","75359.1"
"1538",28.358972,59.666583,1,FALSE,"1","78608","78608.1"
"1539",28.359778,59.667028,2,FALSE,"1","78608","78608.1"
"1540",28.361472,59.667,3,FALSE,"1","78608","78608.1"
"1541",28.363111,59.666194,4,FALSE,"1","78608","78608.1"
"1542",28.364806,59.666167,5,FALSE,"1","78608","78608.1"
"1543",28.365694,59.66575,6,FALSE,"1","78608","78608.1"
"1544",28.365639,59.664111,7,FALSE,"1","78608","78608.1"
"1545",28.364833,59.663722,8,FALSE,"1","78608","78608.1"
"1546",28.359861,59.663667,9,FALSE,"1","78608","78608.1"
"1547",28.358972,59.664111,10,FALSE,"1","78608","78608.1"
"1548",28.358972,59.666583,11,FALSE,"1","78608","78608.1"
"1549",29.874194,60.024139,1,FALSE,"1","78863","78863.1"
"1550",29.874917,60.024583,2,FALSE,"1","78863","78863.1"
"1551",29.878333,60.024556,3,FALSE,"1","78863","78863.1"
"1552",29.8825,60.022472,4,FALSE,"1","78863","78863.1"
"1553",29.881667,60.022083,5,FALSE,"1","78863","78863.1"
"1554",29.87825,60.022056,6,FALSE,"1","78863","78863.1"
"1555",29.876694,60.021222,7,FALSE,"1","78863","78863.1"
"1556",29.874972,60.021222,8,FALSE,"1","78863","78863.1"
"1557",29.874111,60.021639,9,FALSE,"1","78863","78863.1"
"1558",29.874194,60.024139,10,FALSE,"1","78863","78863.1"
"1559",28.082389,59.856639,1,FALSE,"1","82142","82142.1"
"1560",28.084806,59.857889,2,FALSE,"1","82142","82142.1"
"1561",28.0865,59.857917,3,FALSE,"1","82142","82142.1"
"1562",28.087417,59.857528,4,FALSE,"1","82142","82142.1"
"1563",28.087333,59.855,5,FALSE,"1","82142","82142.1"
"1564",28.084889,59.853722,6,FALSE,"1","82142","82142.1"
"1565",28.083194,59.853722,7,FALSE,"1","82142","82142.1"
"1566",28.082306,59.854139,8,FALSE,"1","82142","82142.1"
"1567",28.082389,59.856639,9,FALSE,"1","82142","82142.1"
"1568",28.082389,59.783306,1,FALSE,"1","82277","82277.1"
"1569",28.084806,59.784556,2,FALSE,"1","82277","82277.1"
"1570",28.089028,59.782444,3,FALSE,"1","82277","82277.1"
"1571",28.084889,59.780389,4,FALSE,"1","82277","82277.1"
"1572",28.083194,59.780389,5,FALSE,"1","82277","82277.1"
"1573",28.082306,59.780806,6,FALSE,"1","82277","82277.1"
"1574",28.082389,59.783306,7,FALSE,"1","82277","82277.1"
"1575",28.339139,60.024139,1,FALSE,"1","82764","82764.1"
"1576",28.339944,60.024528,2,FALSE,"1","82764","82764.1"
"1577",28.344972,60.022028,3,FALSE,"1","82764","82764.1"
"1578",28.345778,60.022472,4,FALSE,"1","82764","82764.1"
"1579",28.345833,60.023278,5,FALSE,"1","82764","82764.1"
"1580",28.346639,60.023667,6,FALSE,"1","82764","82764.1"
"1581",28.348222,60.023722,7,FALSE,"1","82764","82764.1"
"1582",28.349111,60.023306,8,FALSE,"1","82764","82764.1"
"1583",28.349083,60.022444,9,FALSE,"1","82764","82764.1"
"1584",28.345028,60.020361,10,FALSE,"1","82764","82764.1"
"1585",28.339083,60.023278,11,FALSE,"1","82764","82764.1"
"1586",28.339139,60.024139,12,FALSE,"1","82764","82764.1"
"1587",28.095778,59.801611,1,FALSE,"1","86496","86496.1"
"1588",28.096583,59.802056,2,FALSE,"1","86496","86496.1"
"1589",28.100694,59.799972,3,FALSE,"1","86496","86496.1"
"1590",28.10075,59.798333,4,FALSE,"1","86496","86496.1"
"1591",28.099833,59.797889,5,FALSE,"1","86496","86496.1"
"1592",28.096556,59.797861,6,FALSE,"1","86496","86496.1"
"1593",28.095667,59.798306,7,FALSE,"1","86496","86496.1"
"1594",28.095778,59.801611,8,FALSE,"1","86496","86496.1"
"1595",29.9,60.028722,1,FALSE,"1","86563","86563.1"
"1596",29.9,60.02619423,2,FALSE,"1","86563","86563.1"
"1597",29.896611,60.026222,3,FALSE,"1","86563","86563.1"
"1598",29.894111,60.027472,4,FALSE,"1","86563","86563.1"
"1599",29.896611,60.028722,5,FALSE,"1","86563","86563.1"
"1600",29.9,60.028722,6,FALSE,"1","86563","86563.1"
"1601",29.790833,60.029167,1,FALSE,"1","86663","86663.1"
"1602",29.791667,60.029556,2,FALSE,"1","86663","86663.1"
"1603",29.798278,60.029583,3,FALSE,"1","86663","86663.1"
"1604",29.799167,60.029167,4,FALSE,"1","86663","86663.1"
"1605",29.799139,60.027472,5,FALSE,"1","86663","86663.1"
"1606",29.798306,60.027083,6,FALSE,"1","86663","86663.1"
"1607",29.796583,60.027056,7,FALSE,"1","86663","86663.1"
"1608",29.794944,60.027889,8,FALSE,"1","86663","86663.1"
"1609",29.791639,60.027917,9,FALSE,"1","86663","86663.1"
"1610",29.790778,60.028333,10,FALSE,"1","86663","86663.1"
"1611",29.790833,60.029167,11,FALSE,"1","86663","86663.1"
"1612",28.382389,59.999139,1,FALSE,"1","87620","87620.1"
"1613",28.383194,59.999528,2,FALSE,"1","87620","87620.1"
"1614",28.3865,59.999556,3,FALSE,"1","87620","87620.1"
"1615",28.387389,59.999083,4,FALSE,"1","87620","87620.1"
"1616",28.387333,59.9975,5,FALSE,"1","87620","87620.1"
"1617",28.383139,59.995361,6,FALSE,"1","87620","87620.1"
"1618",28.382361,59.995833,7,FALSE,"1","87620","87620.1"
"1619",28.382389,59.999139,8,FALSE,"1","87620","87620.1"
"1620",28.355806,60.024944,1,FALSE,"1","9304","9304.1"
"1621",28.356611,60.025389,2,FALSE,"1","9304","9304.1"
"1622",28.359972,60.023694,3,FALSE,"1","9304","9304.1"
"1623",28.361556,60.023694,4,FALSE,"1","9304","9304.1"
"1624",28.363222,60.022861,5,FALSE,"1","9304","9304.1"
"1625",28.366667,60.022889,6,FALSE,"1","9304","9304.1"
"1626",28.367472,60.023278,7,FALSE,"1","9304","9304.1"
"1627",28.360778,60.026611,8,FALSE,"1","9304","9304.1"
"1628",28.360806,60.027444,9,FALSE,"1","9304","9304.1"
"1629",28.364167,60.029139,10,FALSE,"1","9304","9304.1"
"1630",28.364139,60.030778,11,FALSE,"1","9304","9304.1"
"1631",28.362444,60.031667,12,FALSE,"1","9304","9304.1"
"1632",28.362472,60.037472,13,FALSE,"1","9304","9304.1"
"1633",28.360806,60.038306,14,FALSE,"1","9304","9304.1"
"1634",28.36325,60.039528,15,FALSE,"1","9304","9304.1"
"1635",28.369944,60.036194,16,FALSE,"1","9304","9304.1"
"1636",28.371694,60.037028,17,FALSE,"1","9304","9304.1"
"1637",28.374889,60.037056,18,FALSE,"1","9304","9304.1"
"1638",28.376556,60.036194,19,FALSE,"1","9304","9304.1"
"1639",28.379972,60.036222,20,FALSE,"1","9304","9304.1"
"1640",28.381639,60.035333,21,FALSE,"1","9304","9304.1"
"1641",28.384944,60.035361,22,FALSE,"1","9304","9304.1"
"1642",28.389083,60.033333,23,FALSE,"1","9304","9304.1"
"1643",28.389083,60.024944,24,FALSE,"1","9304","9304.1"
"1644",28.387444,60.024111,25,FALSE,"1","9304","9304.1"
"1645",28.3875,60.0225,26,FALSE,"1","9304","9304.1"
"1646",28.389167,60.021639,27,FALSE,"1","9304","9304.1"
"1647",28.389083,60.019972,28,FALSE,"1","9304","9304.1"
"1648",28.390778,60.019111,29,FALSE,"1","9304","9304.1"
"1649",28.390778,60.016639,30,FALSE,"1","9304","9304.1"
"1650",28.392444,60.015778,31,FALSE,"1","9304","9304.1"
"1651",28.392444,60.013278,32,FALSE,"1","9304","9304.1"
"1652",28.394139,60.012444,33,FALSE,"1","9304","9304.1"
"1653",28.394083,60.011667,34,FALSE,"1","9304","9304.1"
"1654",28.395778,60.010778,35,FALSE,"1","9304","9304.1"
"1655",28.395778,60.008278,36,FALSE,"1","9304","9304.1"
"1656",28.394972,60.007889,37,FALSE,"1","9304","9304.1"
"1657",28.391667,60.007861,38,FALSE,"1","9304","9304.1"
"1658",28.387472,60.005806,39,FALSE,"1","9304","9304.1"
"1659",28.387444,60.004944,40,FALSE,"1","9304","9304.1"
"1660",28.386611,60.004556,41,FALSE,"1","9304","9304.1"
"1661",28.384917,60.004556,42,FALSE,"1","9304","9304.1"
"1662",28.38,60.007056,43,FALSE,"1","9304","9304.1"
"1663",28.378306,60.007028,44,FALSE,"1","9304","9304.1"
"1664",28.375722,60.008306,45,FALSE,"1","9304","9304.1"
"1665",28.375806,60.009972,46,FALSE,"1","9304","9304.1"
"1666",28.374139,60.010833,47,FALSE,"1","9304","9304.1"
"1667",28.374167,60.011639,48,FALSE,"1","9304","9304.1"
"1668",28.3725,60.012444,49,FALSE,"1","9304","9304.1"
"1669",28.372417,60.013306,50,FALSE,"1","9304","9304.1"
"1670",28.369056,60.015,51,FALSE,"1","9304","9304.1"
"1671",28.369083,60.015806,52,FALSE,"1","9304","9304.1"
"1672",28.369917,60.016194,53,FALSE,"1","9304","9304.1"
"1673",28.371611,60.016222,54,FALSE,"1","9304","9304.1"
"1674",28.372444,60.016667,55,FALSE,"1","9304","9304.1"
"1675",28.367417,60.019111,56,FALSE,"1","9304","9304.1"
"1676",28.367444,60.019972,57,FALSE,"1","9304","9304.1"
"1677",28.366667,60.020389,58,FALSE,"1","9304","9304.1"
"1678",28.364944,60.020389,59,FALSE,"1","9304","9304.1"
"1679",28.359917,60.022833,60,FALSE,"1","9304","9304.1"
"1680",28.358222,60.022861,61,FALSE,"1","9304","9304.1"
"1681",28.355778,60.024139,62,FALSE,"1","9304","9304.1"
"1682",28.355806,60.024944,63,FALSE,"1","9304","9304.1"
"1683",29.748333,59.982056,1,FALSE,"1","94397","94397.1"
"1684",29.749972,59.981222,2,FALSE,"1","94397","94397.1"
"1685",29.751667,59.98125,3,FALSE,"1","94397","94397.1"
"1686",29.752444,59.980833,4,FALSE,"1","94397","94397.1"
"1687",29.7525,59.979972,5,FALSE,"1","94397","94397.1"
"1688",29.75,59.978722,6,FALSE,"1","94397","94397.1"
"1689",29.746583,59.978722,7,FALSE,"1","94397","94397.1"
"1690",29.745806,59.979139,8,FALSE,"1","94397","94397.1"
"1691",29.748333,59.982056,9,FALSE,"1","94397","94397.1"
"1692",29.8475,60.0225,1,FALSE,"1","97114","97114.1"
"1693",29.848222,60.022889,2,FALSE,"1","97114","97114.1"
"1694",29.853361,60.022889,3,FALSE,"1","97114","97114.1"
"1695",29.854111,60.022528,4,FALSE,"1","97114","97114.1"
"1696",29.854167,60.021667,5,FALSE,"1","97114","97114.1"
"1697",29.851639,60.020417,6,FALSE,"1","97114","97114.1"
"1698",29.849944,60.020389,7,FALSE,"1","97114","97114.1"
"1699",29.847417,60.021639,8,FALSE,"1","97114","97114.1"
"1700",29.8475,60.0225,9,FALSE,"1","97114","97114.1"
"1701",28.069139,59.768306,1,FALSE,"1","97718","97718.1"
"1702",28.070722,59.769139,2,FALSE,"1","97718","97718.1"
"1703",28.07075,59.769944,3,FALSE,"1","97718","97718.1"
"1704",28.071556,59.770389,4,FALSE,"1","97718","97718.1"
"1705",28.072333,59.77,5,FALSE,"1","97718","97718.1"
"1706",28.072444,59.765833,6,FALSE,"1","97718","97718.1"
"1707",28.071528,59.765389,7,FALSE,"1","97718","97718.1"
"1708",28.069833,59.765389,8,FALSE,"1","97718","97718.1"
"1709",28.069056,59.765806,9,FALSE,"1","97718","97718.1"
"1710",28.069139,59.768306,10,FALSE,"1","97718","97718.1"
"1711",29.820861,60.024139,1,FALSE,"1","98246","98246.1"
"1712",29.821583,60.024583,2,FALSE,"1","98246","98246.1"
"1713",29.826694,60.024528,3,FALSE,"1","98246","98246.1"
"1714",29.827472,60.024167,4,FALSE,"1","98246","98246.1"
"1715",29.827389,60.023333,5,FALSE,"1","98246","98246.1"
"1716",29.824889,60.022056,6,FALSE,"1","98246","98246.1"
"1717",29.823306,60.022056,7,FALSE,"1","98246","98246.1"
"1718",29.820778,60.023306,8,FALSE,"1","98246","98246.1"
"1719",29.820861,60.024139,9,FALSE,"1","98246","98246.1"
"1720",29.715028,59.977028,1,FALSE,"1","98906","98906.1"
"1721",29.718333,59.977028,2,FALSE,"1","98906","98906.1"
"1722",29.719083,59.976667,3,FALSE,"1","98906","98906.1"
"1723",29.719056,59.974944,4,FALSE,"1","98906","98906.1"
"1724",29.718361,59.974583,5,FALSE,"1","98906","98906.1"
"1725",29.714917,59.974528,6,FALSE,"1","98906","98906.1"
"1726",29.712528,59.975778,7,FALSE,"1","98906","98906.1"
"1727",29.715028,59.977028,8,FALSE,"1","98906","98906.1"
