Day,Month,Year,t_0-10,t_10-25,t_25-60,t_0-60,t_0-25,S_0-10,S_10-25,S_25-60,S_0-60,S_0-25,Chl_0-10,Chl_10-25,Chl_25-60,Chl_0-60,Chl_0-25
20,6,1998,7.2,2.4,-0.5,1.3,4.3,23.7,25.5,27.4,26.4,24.8,NA,NA,NA,NA,NA
30,6,1998,10.9,5.9,0.1,3.1,7.9,24.4,25.7,27.4,26.5,25.2,NA,NA,NA,NA,NA
9,7,1998,15.3,8.1,0.9,4.8,11.0,23.4,26.5,27.2,26.4,25.3,NA,NA,NA,NA,NA
20,7,1998,13.9,7.5,0.8,4.4,10.1,24.5,25.6,27.2,26.4,25.1,NA,NA,NA,NA,NA
30,7,1998,14.5,11.5,4.0,7.3,12.7,25.9,27.0,27.8,27.3,26.5,NA,NA,NA,NA,NA
9,8,1998,13.5,11.1,3.1,6.6,12.1,26.1,26.7,27.8,27.3,26.4,NA,NA,NA,NA,NA
20,8,1998,12.0,9.9,2.7,5.8,10.7,25.5,26.5,27.7,27.1,26.1,NA,NA,NA,NA,NA
30,8,1998,11.7,11.6,5.7,8.0,11.7,26.3,26.9,27.8,27.4,26.6,NA,NA,NA,NA,NA
10,9,1998,11.0,7.9,2.4,5.0,9.1,24.1,25.0,26.5,25.8,24.6,NA,NA,NA,NA,NA
21,9,1998,9.3,9.1,5.5,6.9,9.2,24.2,25.3,26.2,25.7,24.9,NA,NA,NA,NA,NA
30,9,1998,7.9,7.8,3.4,5.1,7.9,24.9,25.0,27.4,26.5,24.9,NA,NA,NA,NA,NA
9,10,1998,6.5,3.7,0.8,2.3,4.8,25.5,26.3,27.3,26.8,25.9,NA,NA,NA,NA,NA
20,10,1998,4.6,4.2,1.9,2.9,4.3,24.6,26.3,26.6,26.2,25.6,NA,NA,NA,NA,NA
1,11,1998,3.8,3.8,3.1,3.3,3.8,24.7,24.9,26.9,26.1,24.8,NA,NA,NA,NA,NA
11,11,1998,1.8,2.8,3.6,3.2,2.4,23.8,25.3,26.1,25.6,24.7,NA,NA,NA,NA,NA
26,1,1999,-1.2,-0.8,0.6,0.0,-0.9,23.3,26.4,27.0,26.3,25.1,NA,NA,NA,NA,NA
10,2,1999,-0.8,-0.5,0.7,0.2,-0.6,24.0,27.8,27.4,26.9,26.3,NA,NA,NA,NA,NA
17,3,1999,-0.9,-0.8,0.1,-0.3,-0.8,16.1,27.1,28.1,26.0,22.7,NA,NA,NA,NA,NA
7,4,1999,-0.4,0.0,0.5,0.3,-0.2,19.7,28.3,29.3,27.6,24.8,NA,NA,NA,NA,NA
22,5,1999,0.8,0.0,-0.2,0.0,0.3,23.9,27.0,28.9,27.7,25.8,NA,NA,NA,NA,NA
1,6,1999,3.5,0.8,-0.1,0.6,1.9,21.8,25.8,28.3,26.7,24.2,NA,NA,NA,NA,NA
10,6,1999,3.5,0.5,-0.3,0.5,1.7,22.7,26.9,28.8,27.4,25.2,NA,NA,NA,NA,NA
21,6,1999,6.6,1.3,0.0,1.3,3.5,23.8,24.8,26.5,25.7,24.4,NA,NA,NA,NA,NA
1,7,1999,11.5,4.4,0.4,3.0,7.3,22.5,24.4,26.8,25.6,23.6,NA,NA,NA,NA,NA
10,7,1999,14.3,10.4,1.4,5.5,11.9,23.3,24.1,26.4,25.4,23.8,NA,NA,NA,NA,NA
20,7,1999,14.6,5.4,0.3,3.7,9.1,23.7,25.5,27.3,26.3,24.7,NA,NA,NA,NA,NA
31,7,1999,14.6,8.8,0.7,4.7,11.1,24.2,25.4,27.2,26.3,24.9,NA,NA,NA,NA,NA
10,8,1999,9.5,2.5,0.0,2.0,5.3,25.6,26.0,26.6,26.3,25.9,NA,NA,NA,NA,NA
19,8,1999,11.6,8.6,0.9,4.3,9.8,25.0,25.5,27.5,26.6,25.3,NA,NA,NA,NA,NA
30,8,1999,8.1,2.1,0.2,1.9,4.5,25.5,27.3,28.4,27.7,26.6,NA,NA,NA,NA,NA
9,9,1999,8.6,4.4,0.6,2.7,6.1,27.0,27.6,28.5,28.0,27.3,NA,NA,NA,NA,NA
20,9,1999,7.8,5.0,1.2,3.1,6.1,26.4,26.7,28.2,27.6,26.6,NA,NA,NA,NA,NA
29,9,1999,7.1,4.6,1.9,3.3,5.6,26.4,26.6,27.5,27.1,26.5,NA,NA,NA,NA,NA
11,10,1999,6.6,5.8,3.7,4.6,6.1,26.6,26.7,27.5,27.2,26.7,NA,NA,NA,NA,NA
20,10,1999,5.4,5.6,3.6,4.3,5.6,26.6,27.1,27.9,27.5,26.9,NA,NA,NA,NA,NA
30,10,1999,4.7,3.8,1.1,2.3,4.2,26.4,27.2,28.3,27.8,26.9,NA,NA,NA,NA,NA
15,11,1999,2.2,2.2,2.1,2.1,2.2,26.7,26.6,27.4,27.1,26.6,NA,NA,NA,NA,NA
27,11,1999,1.6,2.3,2.1,2.1,2.0,26.9,27.2,27.9,27.6,27.1,NA,NA,NA,NA,NA
13,3,2000,-0.8,-0.7,-0.2,-0.4,-0.8,22.0,26.6,27.3,26.3,24.8,NA,NA,NA,NA,NA
17,4,2000,-0.5,-0.6,-0.4,-0.5,-0.5,18.7,27.1,27.9,26.3,23.7,NA,NA,NA,NA,NA
11,5,2000,2.4,-0.2,-0.8,-0.2,0.9,23.6,26.7,27.8,26.9,25.5,NA,NA,NA,NA,NA
20,5,2000,2.8,0.1,-1.0,-0.2,1.2,23.4,26.8,27.5,26.7,25.4,NA,NA,NA,NA,NA
30,5,2000,6.5,2.1,-0.3,1.3,3.9,22.2,25.4,26.8,25.7,24.1,NA,NA,NA,NA,NA
10,6,2000,8.4,4.7,1.1,3.1,6.2,23.4,24.4,25.8,25.1,24.0,NA,NA,NA,NA,NA
20,6,2000,8.8,5.8,1.8,3.8,7.0,23.0,24.4,25.9,25.1,23.8,NA,NA,NA,NA,NA
28,6,2000,12.2,7.4,1.7,4.7,9.4,23.1,24.1,25.7,24.9,23.7,NA,NA,NA,NA,NA
11,7,2000,14.5,10.5,4.4,7.3,12.1,23.5,24.2,25.1,24.6,23.9,NA,NA,NA,NA,NA
20,7,2000,17.5,13.2,5.9,9.4,14.9,23.5,24.5,25.9,25.2,24.1,NA,NA,NA,NA,NA
1,8,2000,17.2,11.5,4.0,7.8,13.8,23.4,24.1,26.0,25.2,23.8,NA,NA,NA,NA,NA
9,8,2000,15.8,12.0,3.6,7.4,13.6,23.4,24.5,26.6,25.6,24.0,NA,NA,NA,NA,NA
21,8,2000,13.0,5.8,1.8,4.5,8.7,24.1,26.0,27.3,26.5,25.3,NA,NA,NA,NA,NA
30,8,2000,13.4,10.0,2.9,6.2,11.4,24.4,25.2,26.7,26.0,24.9,NA,NA,NA,NA,NA
10,9,2000,NA,NA,0.8,0.5,0.0,26.3,26.9,27.4,27.1,26.7,NA,NA,NA,NA,NA
20,9,2000,9.5,6.6,1.6,3.9,7.7,24.6,25.4,27.4,26.5,25.1,NA,NA,NA,NA,NA
1,10,2000,7.0,3.5,1.1,2.5,4.9,25.4,26.7,27.6,27.0,26.2,NA,NA,NA,NA,NA
10,10,2000,7.1,5.2,2.5,3.8,5.9,25.0,26.0,27.1,26.5,25.6,NA,NA,NA,NA,NA
19,10,2000,5.5,4.9,3.9,4.4,5.1,26.1,26.3,26.9,26.6,26.2,NA,NA,NA,NA,NA
30,10,2000,4.4,4.5,3.5,3.9,4.4,25.8,25.8,26.6,26.3,25.8,NA,NA,NA,NA,NA
13,11,2000,3.0,3.2,2.9,3.0,3.1,25.9,25.8,26.2,26.1,25.8,NA,NA,NA,NA,NA
9,12,2000,1.1,1.8,2.3,2.0,1.5,NA,NA,NA,NA,NA,NA,NA,NA,NA,NA
2,4,2001,NA,NA,NA,NA,NA,21.5,28.0,28.9,27.5,25.4,NA,NA,NA,NA,NA
22,5,2001,1.6,0.0,-0.4,0.0,0.6,24.2,27.1,29.0,27.8,25.9,NA,NA,NA,NA,NA
,,,NA,NA,NA,NA,NA,NA,NA,NA,NA,NA,NA,NA,NA,NA,NA
11,6,2001,5.8,1.4,0.6,1.6,3.2,23.1,25.1,27.0,26.0,24.3,NA,NA,NA,NA,NA
21,6,2001,9.9,3.7,0.3,2.6,6.2,21.9,24.8,26.7,25.5,23.6,NA,NA,NA,NA,NA
30,6,2001,10.1,3.5,0.4,2.6,6.2,22.3,24.7,26.4,25.4,23.7,NA,NA,NA,NA,NA
10,7,2001,11.3,4.8,0.1,2.9,7.4,23.8,25.0,27.3,26.2,24.5,NA,NA,NA,NA,NA
23,7,2001,14.6,8.9,1.0,4.9,11.2,23.9,24.7,26.7,25.8,24.4,NA,NA,NA,NA,NA
30,7,2001,11.4,5.0,1.0,3.5,7.6,24.4,25.6,27.2,26.4,25.1,NA,NA,NA,NA,NA
9,8,2001,8.6,2.0,0.1,1.8,4.6,24.7,26.5,27.9,27.1,25.8,NA,NA,NA,NA,NA
21,8,2001,10.0,8.1,1.7,4.5,8.9,24.9,24.9,26.5,25.9,24.9,NA,NA,NA,NA,NA
30,8,2001,6.6,1.6,0.0,1.4,3.6,25.6,26.6,27.6,27.1,26.2,NA,NA,NA,NA,NA
10,9,2001,3.7,1.4,0.3,1.1,2.3,26.3,26.9,27.4,27.1,26.7,NA,NA,NA,NA,NA
20,9,2001,9.1,7.7,3.4,5.3,8.2,26.5,26.4,26.8,26.7,26.4,NA,NA,NA,NA,NA
2,10,2001,7.0,6.5,3.2,4.5,6.7,26.0,26.2,27.2,26.8,26.1,NA,NA,NA,NA,NA
11,10,2001,4.7,3.2,1.8,2.6,3.8,26.5,27.2,27.6,27.3,26.9,NA,NA,NA,NA,NA
20,10,2001,4.0,4.1,3.5,3.7,4.1,26.3,26.5,27.0,26.8,26.4,NA,NA,NA,NA,NA
30,10,2001,3.0,3.1,2.6,2.7,3.1,26.4,26.3,26.8,26.6,26.4,NA,NA,NA,NA,NA
15,11,2001,0.5,0.6,1.4,1.1,0.6,27.2,27.2,27.5,27.4,27.2,NA,NA,NA,NA,NA
1,12,2001,-0.2,1.8,2.1,1.7,1.0,27.4,27.7,28.0,27.8,27.5,NA,NA,NA,NA,NA
20,1,2002,-1.0,-0.1,0.8,0.3,-0.4,27.5,27.9,28.3,28.1,27.7,NA,NA,NA,NA,NA
5,2,2002,-1.3,-0.9,-0.3,-0.6,-1.1,28.0,28.0,28.3,28.2,28.0,NA,NA,NA,NA,NA
17,3,2002,-1.2,-0.9,-0.5,-0.7,-1.0,25.8,27.6,27.7,27.4,26.9,NA,NA,NA,NA,NA
12,4,2002,-0.7,-0.9,-0.7,-0.7,-0.8,19.5,27.1,27.6,26.2,24.0,NA,NA,NA,NA,NA
14,5,2002,0.7,-0.3,-0.4,-0.2,0.1,22.5,25.9,27.1,26.2,24.6,NA,NA,NA,NA,NA
1,6,2002,4.0,0.5,-0.4,0.5,1.9,22.4,25.2,26.2,25.4,24.1,NA,NA,NA,NA,NA
11,6,2002,6.7,2.6,0.8,2.1,4.2,22.5,24.2,25.7,24.8,23.5,NA,NA,NA,NA,NA
20,6,2002,11.3,8.6,1.9,4.9,9.7,22.9,23.5,25.4,24.6,23.3,NA,NA,NA,NA,NA
1,7,2002,11.5,4.9,1.0,3.5,7.5,22.0,24.3,26.2,25.1,23.3,NA,NA,NA,NA,NA
10,7,2002,14.2,9.1,2.6,5.9,11.1,23.1,23.9,25.7,24.9,23.6,NA,NA,NA,NA,NA
20,7,2002,13.8,8.6,1.9,5.2,10.7,21.9,NA,NA,NA,8.8,NA,NA,NA,NA,NA
30,7,2002,14.3,8.6,1.8,5.3,10.9,22.6,23.6,25.2,24.4,23.2,NA,NA,NA,NA,NA
10,8,2002,11.8,3.6,0.7,3.1,6.9,25.1,26.0,26.8,26.4,25.6,NA,NA,NA,NA,NA
20,8,2002,9.8,4.0,1.6,3.4,6.3,24.4,25.4,26.2,25.7,25.0,NA,NA,NA,NA,NA
31,8,2002,7.7,5.2,2.1,3.7,6.2,23.4,23.6,24.3,24.0,23.5,NA,NA,NA,NA,NA
10,9,2002,8.9,5.9,1.6,3.7,7.1,23.9,24.3,25.1,24.7,24.1,NA,NA,NA,NA,NA
19,9,2002,8.5,7.9,3.5,5.3,8.1,22.6,23.6,24.9,24.3,23.2,NA,NA,NA,NA,NA
30,9,2002,6.9,6.5,3.4,4.7,6.7,23.8,23.9,24.4,24.2,23.9,NA,NA,NA,NA,NA
10,10,2002,5.5,5.3,2.5,3.6,5.4,23.8,23.9,24.8,24.4,23.9,NA,NA,NA,NA,NA
20,10,2002,3.7,3.8,2.4,2.9,3.7,23.9,24.2,24.9,24.6,24.0,NA,NA,NA,NA,NA
30,10,2002,2.6,2.8,1.3,1.9,2.7,24.2,24.6,26.0,25.4,24.4,NA,NA,NA,NA,NA
14,11,2002,0.5,0.6,1.4,1.1,0.6,22.5,24.3,25.8,25.0,23.6,NA,NA,NA,NA,NA
31,1,2003,-1.0,-1.0,-0.7,-0.8,-1.0,24.8,25.8,26.0,25.8,25.4,NA,NA,NA,NA,NA
18,2,2003,-0.9,-0.8,-0.6,-0.7,-0.8,25.4,25.8,26.0,25.9,25.6,NA,NA,NA,NA,NA
31,3,2003,-0.9,-1.1,-1.1,-1.0,-1.0,19.8,26.4,26.8,25.7,23.8,NA,NA,NA,NA,NA
10,4,2003,-0.9,-1.1,-1.1,-1.0,-1.0,23.2,26.4,26.8,26.2,25.1,NA,NA,NA,NA,NA
12,5,2003,2.2,0.1,-1.0,-0.2,0.9,21.8,25.1,25.7,25.0,23.8,NA,NA,NA,NA,NA
20,5,2003,3.5,0.8,-1.0,0.1,1.9,24.2,25.2,25.9,25.5,24.8,NA,NA,NA,NA,NA
31,5,2003,4.4,2.6,-0.4,1.1,3.3,24.3,24.6,25.1,24.9,24.5,NA,NA,NA,NA,NA
10,6,2003,5.7,3.1,0.1,1.6,4.1,25.5,25.8,26.6,26.2,25.7,NA,NA,NA,NA,NA
19,6,2003,8.4,4.4,1.2,3.0,6.0,24.3,25.3,26.2,25.7,24.9,NA,NA,NA,NA,NA
30,6,2003,11.3,6.4,1.6,4.2,8.3,24.0,25.2,26.7,25.9,24.7,NA,NA,NA,NA,NA
10,7,2003,13.8,8.6,1.9,5.3,10.7,23.5,24.1,25.8,25.0,23.9,NA,NA,NA,NA,NA
20,7,2003,14.8,8.8,2.9,6.1,11.2,23.3,24.6,26.3,25.4,24.1,NA,NA,NA,NA,NA
29,7,2003,16.2,9.3,3.2,6.6,12.1,23.8,24.9,26.4,25.7,24.5,NA,NA,NA,NA,NA
11,8,2003,16.7,12.6,3.3,7.5,14.2,23.6,24.2,26.0,25.2,24.0,NA,NA,NA,NA,NA
20,8,2003,15.3,10.8,3.3,6.9,12.6,24.9,25.9,27.5,26.7,25.5,NA,NA,NA,NA,NA
1,9,2003,13.2,10.3,3.5,6.6,11.5,24.1,24.5,26.2,25.5,24.3,NA,NA,NA,NA,NA
10,9,2003,11.0,6.1,3.3,5.1,8.0,25.1,26.4,27.4,26.8,25.8,NA,NA,NA,NA,NA
21,9,2003,8.3,6.2,2.7,4.4,7.1,26.1,27.0,28.0,27.5,26.6,NA,NA,NA,NA,NA
30,9,2003,5.3,4.6,2.5,3.4,4.9,27.4,27.6,28.1,27.9,27.5,NA,NA,NA,NA,NA
11,10,2003,5.3,4.8,3.4,4.0,5.0,27.4,27.5,28.0,27.8,27.5,NA,NA,NA,NA,NA
20,10,2003,5.8,5.7,3.7,4.5,5.7,27.2,27.2,27.9,27.7,27.2,NA,NA,NA,NA,NA
30,10,2003,3.3,3.1,2.0,2.4,3.2,27.4,27.9,28.8,28.4,27.7,NA,NA,NA,NA,NA
16,11,2003,2.7,3.1,3.0,2.9,2.9,26.6,26.8,27.1,26.9,26.7,NA,NA,NA,NA,NA
2,12,2003,2.0,2.1,2.7,2.4,2.0,26.1,26.2,26.5,26.4,26.2,NA,NA,NA,NA,NA
23,2,2004,-1.0,-0.8,-0.2,-0.4,-0.8,26.0,26.6,27.0,26.7,26.4,NA,NA,NA,NA,NA
28,3,2004,-1.1,-1.1,-0.6,-0.8,-1.1,26.9,27.6,28.0,27.7,27.3,NA,NA,NA,NA,NA
7,4,2004,-1.2,-1.4,-1.0,-1.1,-1.3,24.8,27.3,27.6,27.1,26.3,NA,NA,NA,NA,NA
19,5,2004,0.1,-0.7,-0.8,-0.6,-0.4,24.9,26.2,26.9,26.5,25.7,NA,NA,NA,NA,NA
30,5,2004,4.0,1.5,-0.6,0.6,2.5,20.8,23.7,26.5,25.0,22.6,NA,NA,NA,NA,NA
10,6,2004,5.4,1.5,-0.6,0.8,3.0,21.5,24.3,26.3,25.1,23.2,NA,NA,NA,NA,NA
21,6,2004,8.2,1.7,-0.5,1.3,4.3,23.5,25.4,27.1,26.2,24.6,NA,NA,NA,NA,NA
30,6,2004,10.7,3.8,-0.1,2.5,6.6,22.9,24.7,26.4,25.5,24.0,NA,NA,NA,NA,NA
10,7,2004,14.6,9.6,1.8,5.6,11.6,23.1,24.8,26.4,25.5,24.1,NA,NA,NA,NA,NA
20,7,2004,14.3,8.3,1.0,4.8,10.7,23.7,25.0,26.8,25.9,24.5,NA,NA,NA,NA,NA
29,7,2004,13.4,5.7,0.8,3.9,8.7,23.2,25.5,26.9,26.0,24.6,NA,NA,NA,NA,NA
10,8,2004,16.5,10.7,2.3,6.4,13.0,24.0,24.8,26.5,25.7,24.5,NA,NA,NA,NA,NA
19,8,2004,14.7,10.3,1.7,5.7,12.1,24.0,24.8,26.8,25.9,24.5,NA,NA,NA,NA,NA
31,8,2004,13.5,11.6,4.6,7.6,12.4,24.2,24.8,26.7,25.9,24.6,NA,NA,NA,NA,NA
9,9,2004,12.5,11.9,5.2,7.9,12.2,24.3,24.6,26.8,25.9,24.5,NA,NA,NA,NA,NA
20,9,2004,6.8,4.0,1.1,2.6,5.1,25.2,26.5,27.8,27.1,26.0,NA,NA,NA,NA,NA
30,9,2004,7.8,6.6,3.2,4.7,7.1,24.8,25.8,27.2,26.5,25.4,NA,NA,NA,NA,NA
9,10,2004,6.8,6.0,2.8,4.2,6.4,24.9,25.7,27.4,26.6,25.4,NA,NA,NA,NA,NA
20,10,2004,5.6,4.6,2.3,3.3,5.0,25.4,26.5,27.8,27.1,26.1,NA,NA,NA,NA,NA
30,10,2004,3.6,4.0,2.7,3.1,3.8,25.4,26.2,27.4,26.8,25.8,NA,NA,NA,NA,NA
11,11,2004,3.2,3.3,2.5,2.8,3.3,25.9,26.6,27.6,27.1,26.3,NA,NA,NA,NA,NA
5,4,2005,-0.9,-1.0,-0.4,-0.6,-1.0,22.2,26.8,27.5,26.5,25.0,NA,NA,NA,NA,NA
1,6,2005,NA,NA,NA,NA,NA,24.7,26.0,27.3,26.6,25.5,NA,NA,NA,NA,NA
11,6,2005,4.9,0.4,-0.3,0.7,2.2,24.9,26.5,27.4,26.8,25.8,NA,NA,NA,NA,NA
20,6,2005,9.5,3.5,0.4,2.5,5.9,24.3,25.9,27.1,26.4,25.3,NA,NA,NA,NA,NA
30,6,2005,NA,NA,NA,NA,NA,25.1,25.6,27.1,26.4,25.4,NA,NA,NA,NA,NA
10,7,2005,12.3,3.9,0.6,3.1,7.3,25.5,27.2,28.1,27.5,26.5,NA,NA,NA,NA,NA
21,7,2005,16.9,10.5,0.9,5.6,13.1,25.6,26.2,27.7,27.0,25.9,NA,NA,NA,NA,NA
31,7,2005,16.4,13.7,4.7,8.6,14.8,25.4,26.0,27.0,26.5,25.8,NA,NA,NA,NA,NA
9,8,2005,13.7,5.8,1.6,4.4,8.9,25.9,27.0,27.8,27.3,26.5,NA,NA,NA,NA,NA
20,8,2005,15.5,11.1,2.2,6.3,12.9,25.8,26.2,27.5,27.0,26.0,NA,NA,NA,NA,NA
31,8,2005,12.8,7.8,2.2,5.1,9.8,25.7,26.4,27.5,27.0,26.1,NA,NA,NA,NA,NA
10,9,2005,12.7,9.8,2.2,5.5,11.0,24.8,26.5,27.9,27.1,25.8,NA,NA,NA,NA,NA
20,9,2005,7.2,4.5,1.4,3.0,5.6,25.3,26.7,27.6,27.0,26.1,NA,NA,NA,NA,NA
1,10,2005,5.6,3.5,1.5,2.6,4.3,25.7,26.0,27.2,26.7,25.9,NA,NA,NA,NA,NA
11,10,2005,5.1,3.9,1.9,2.9,4.4,25.3,25.8,26.5,26.2,25.6,NA,NA,NA,NA,NA
20,10,2005,4.5,4.3,2.7,3.3,4.4,24.3,25.1,26.6,25.9,24.8,NA,NA,NA,NA,NA
31,10,2005,3.5,3.4,2.4,2.8,3.4,24.7,25.3,26.3,25.8,25.1,NA,NA,NA,NA,NA
9,11,2005,3.5,3.1,1.7,2.3,3.2,25.0,25.6,26.5,26.0,25.3,NA,NA,NA,NA,NA
5,12,2005,1.9,2.3,2.6,2.4,2.1,24.9,25.5,26.7,26.2,25.3,NA,NA,NA,NA,NA
19,2,2006,0.0,0.5,1.2,0.9,0.3,21.3,26.9,27.9,26.6,24.7,NA,NA,NA,NA,NA
19,3,2006,0.1,0.6,0.7,0.6,0.4,20.6,28.4,29.1,27.7,25.3,NA,NA,NA,NA,NA
3,4,2006,-0.6,0.1,0.1,0.0,-0.2,27.2,28.6,29.4,28.9,28.0,NA,NA,NA,NA,NA
20,5,2006,3.5,1.4,-0.3,0.7,2.2,25.4,27.8,29.2,28.3,26.9,NA,NA,NA,NA,NA
31,5,2006,5.4,2.8,0.2,1.6,3.8,24.7,27.2,28.6,27.7,26.2,NA,NA,NA,NA,NA
10,6,2006,6.9,2.8,0.4,2.0,4.4,24.6,27.1,28.3,27.4,26.1,NA,NA,NA,NA,NA
20,6,2006,8.5,3.0,0.5,2.3,5.2,24.7,26.7,27.9,27.1,25.9,NA,NA,NA,NA,NA
29,6,2006,11.1,4.6,0.7,3.2,7.2,24.6,26.1,27.6,26.8,25.5,NA,NA,NA,NA,NA
10,7,2006,12.1,6.4,1.0,3.9,8.7,25.4,26.6,28.0,27.2,26.1,NA,NA,NA,NA,NA
20,7,2006,11.4,9.0,1.9,5.0,10.0,25.9,26.5,27.8,27.2,26.3,NA,NA,NA,NA,NA
31,7,2006,10.7,3.9,0.7,3.0,6.6,25.7,27.7,28.3,27.7,26.9,NA,NA,NA,NA,NA
10,8,2006,7.9,2.4,1.7,2.8,4.6,26.8,27.9,28.2,27.9,27.4,NA,NA,NA,NA,NA
20,8,2006,12.0,9.5,3.6,6.3,10.5,26.7,26.9,27.6,27.3,26.8,NA,NA,NA,NA,NA
30,8,2006,12.7,9.1,3.8,6.4,10.6,26.6,26.9,27.7,27.3,26.8,NA,NA,NA,NA,NA
10,9,2006,11.7,12.0,6.6,8.6,11.9,26.3,26.6,27.3,27.0,26.5,NA,NA,NA,NA,NA
20,9,2006,11.2,10.7,4.4,6.9,10.9,26.4,26.7,27.9,27.4,26.6,NA,NA,NA,NA,NA
29,9,2006,9.2,9.2,4.5,6.3,9.2,25.8,26.8,27.9,27.3,26.4,NA,NA,NA,NA,NA
10,10,2006,7.3,7.0,4.1,5.3,7.2,26.5,26.7,27.8,27.3,26.6,NA,NA,NA,NA,NA
19,10,2006,6.3,6.4,4.7,5.4,6.4,26.6,26.6,27.5,27.1,26.6,NA,NA,NA,NA,NA
30,10,2006,4.2,4.3,3.8,3.9,4.2,26.8,26.8,27.5,27.2,26.8,NA,NA,NA,NA,NA
14,11,2006,1.6,2.5,2.7,2.4,2.1,26.8,27.1,27.7,27.4,27.0,NA,NA,NA,NA,NA
18,3,2007,-0.7,-0.9,-0.5,-0.6,-0.8,20.9,27.9,28.1,27.0,25.1,NA,NA,NA,NA,NA
21,5,2007,2.6,1.1,0.5,0.9,1.7,26.4,27.5,27.9,27.6,27.1,NA,NA,NA,NA,NA
30,5,2007,6.3,2.9,0.8,2.1,4.2,26.2,27.3,28.1,27.6,26.8,NA,NA,NA,NA,NA
10,6,2007,9.5,4.5,0.7,2.9,6.5,25.0,26.5,27.9,27.1,25.9,NA,NA,NA,NA,NA
20,6,2007,9.1,3.5,0.8,2.7,5.7,24.8,26.9,27.8,27.1,26.1,NA,NA,NA,NA,NA
30,6,2007,11.9,4.2,0.5,3.1,7.3,24.2,27.1,28.2,27.3,25.9,NA,NA,NA,NA,NA
9,7,2007,12.2,9.8,2.8,5.8,10.7,24.4,25.1,27.2,26.3,24.8,NA,NA,NA,NA,NA
20,7,2007,13.7,9.3,3.0,6.1,11.1,24.1,25.4,27.2,26.3,24.9,NA,NA,NA,NA,NA
1,8,2007,13.0,6.9,2.7,5.2,9.4,23.3,25.8,27.7,26.6,24.8,NA,NA,NA,NA,NA
11,8,2007,16.4,14.2,4.7,8.7,15.1,23.8,24.6,26.9,25.9,24.3,NA,NA,NA,NA,NA
20,8,2007,13.2,8.8,3.1,6.0,10.5,24.6,25.9,27.4,26.6,25.4,NA,NA,NA,NA,NA
30,8,2007,13.2,9.7,2.9,6.1,11.1,24.2,25.4,27.4,26.5,24.9,NA,NA,NA,NA,NA
10,9,2007,10.9,8.6,3.6,5.9,9.5,24.1,25.5,27.2,26.4,25.0,NA,NA,NA,NA,NA
20,9,2007,8.0,7.0,4.4,5.5,7.4,25.1,26.2,27.1,26.6,25.7,NA,NA,NA,NA,NA
30,9,2007,7.9,7.0,4.4,5.5,7.4,24.5,25.9,27.2,26.5,25.3,NA,NA,NA,NA,NA
10,10,2007,7.5,6.8,4.4,5.4,7.1,24.9,25.7,27.2,26.5,25.4,NA,NA,NA,NA,NA
20,10,2007,5.7,5.9,3.4,4.3,5.8,25.3,25.7,27.5,26.7,25.5,NA,NA,NA,NA,NA
29,10,2007,NA,NA,NA,NA,NA,27.0,27.7,27.9,27.7,27.4,NA,NA,NA,NA,NA
8,11,2007,3.9,4.6,3.9,4.1,4.3,26.9,27.1,27.8,27.5,27.1,NA,NA,NA,NA,NA
4,12,2007,0.7,1.5,2.4,1.9,1.2,24.4,27.7,27.9,27.3,26.4,NA,NA,NA,NA,NA
17,3,2008,-0.8,-1.0,-0.6,-0.8,-0.9,23.3,26.4,28.3,27.1,25.1,NA,NA,NA,NA,NA
,,,NA,NA,NA,NA,NA,NA,NA,NA,NA,NA,NA,NA,NA,NA,NA
21,5,2008,1.7,0.5,-0.4,0.2,1.0,23.1,26.7,28.1,27.0,25.3,NA,NA,NA,NA,NA
31,5,2008,4.5,0.2,-0.4,0.5,1.9,23.9,26.4,28.1,27.1,25.4,NA,NA,NA,NA,NA
11,6,2008,8.0,2.8,-0.3,1.7,4.9,23.7,26.2,27.6,26.7,25.2,NA,NA,NA,NA,NA
21,6,2008,9.5,2.4,-0.3,1.8,5.3,23.5,25.3,27.1,26.1,24.6,NA,NA,NA,NA,NA
30,6,2008,11.0,5.7,0.5,3.3,7.8,23.3,24.7,27.1,26.0,24.1,NA,NA,NA,NA,NA
9,7,2008,13.0,9.5,1.3,5.0,10.9,22.5,24.7,27.0,25.8,23.8,NA,NA,NA,NA,NA
20,7,2008,NA,NA,NA,NA,NA,23.3,26.3,27.9,26.8,25.1,NA,NA,NA,NA,NA
31,7,2008,12.4,3.6,-0.1,2.7,7.1,24.4,26.7,27.7,27.0,25.8,NA,NA,NA,NA,NA
11,8,2008,9.3,3.4,0.4,2.4,5.7,24.6,26.3,27.4,26.7,25.6,NA,NA,NA,NA,NA
20,8,2008,7.7,3.6,0.9,2.6,5.3,24.4,25.1,27.0,26.2,24.8,NA,NA,NA,NA,NA
3,9,2008,9.2,8.1,2.6,4.9,8.5,24.3,26.6,27.8,27.0,25.7,NA,NA,NA,NA,NA
10,9,2008,8.8,3.9,0.5,2.6,5.8,25.0,26.7,27.6,27.0,26.0,NA,NA,NA,NA,NA
21,9,2008,6.9,3.4,1.1,2.5,4.8,25.2,26.3,27.6,26.9,25.9,NA,NA,NA,NA,NA
1,10,2008,5.6,4.1,1.3,2.6,4.7,25.3,26.1,27.4,26.8,25.8,NA,NA,NA,NA,NA
9,10,2008,4.6,4.2,1.7,2.7,4.4,25.6,26.3,27.4,26.9,26.0,NA,NA,NA,NA,NA
20,10,2008,3.8,3.3,1.8,2.5,3.5,25.9,26.7,27.3,27.0,26.4,NA,NA,NA,NA,NA
29,10,2008,3.5,3.2,2.1,2.6,3.4,25.9,26.9,27.7,27.2,26.5,NA,NA,NA,NA,NA
15,11,2008,2.2,2.4,1.7,1.9,2.3,26.4,26.8,26.9,26.8,26.6,NA,NA,NA,NA,NA
10,12,2008,1.6,2.2,2.3,2.2,2.0,21.8,27.1,27.2,26.4,25.0,NA,NA,NA,NA,NA
22,2,2009,-0.8,-1.0,-0.7,-0.8,-0.9,22.4,27.3,27.9,26.9,25.3,0.4,0.1,0.1,0.1,0.2
15,3,2009,-0.8,-0.7,0.0,-0.3,-0.8,21.3,27.4,28.3,27.0,24.9,NA,NA,NA,NA,NA
11,4,2009,-0.8,-0.7,-0.3,-0.5,-0.8,23.9,27.4,28.1,27.3,26.0,NA,NA,NA,NA,NA
25,5,2009,2.6,-0.4,-0.5,0.0,0.8,25.0,26.3,27.9,27.1,25.8,NA,NA,NA,NA,NA
1,6,2009,4.5,2.0,-0.2,1.0,3.0,24.2,26.5,28.2,27.2,25.6,NA,NA,NA,NA,NA
10,6,2009,6.1,2.3,-0.4,1.2,3.8,24.0,25.1,27.2,26.2,24.6,NA,NA,NA,NA,NA
20,6,2009,8.6,6.5,1.2,3.6,7.3,24.2,26.0,27.5,26.6,25.3,0.8,0.6,0.3,0.4,0.7
30,6,2009,9.8,4.6,1.0,3.2,6.7,24.5,26.0,27.6,26.8,25.4,NA,NA,NA,NA,NA
9,7,2009,11.5,5.7,0.8,3.6,8.0,24.5,25.7,27.1,26.4,25.3,NA,NA,NA,NA,NA
20,7,2009,11.9,7.0,2.5,5.0,8.9,24.5,26.1,27.2,26.5,25.5,0.9,0.5,0.2,0.4,0.6
30,7,2009,10.8,5.8,2.4,4.5,7.8,23.9,25.7,27.1,26.3,25.0,1.2,0.2,0.3,0.4,0.6
10,8,2009,13.3,7.5,2.8,5.5,9.8,23.7,24.5,26.6,25.7,24.2,0.9,0.3,0.1,0.3,0.6
20,8,2009,14.5,12.6,4.0,7.6,13.4,24.0,26.1,27.4,26.6,25.2,1.2,0.7,0.2,0.5,0.9
31,8,2009,12.3,6.3,1.7,4.4,8.7,25.0,26.3,27.3,26.7,25.8,0.8,0.2,0.1,0.2,0.5
10,9,2009,10.5,6.2,2.2,4.4,7.9,24.8,26.7,27.5,26.9,26.0,NA,NA,NA,NA,NA
21,9,2009,8.8,4.0,1.6,3.3,5.9,25.6,26.6,27.4,26.9,26.2,NA,NA,NA,NA,NA
30,9,2009,5.8,4.5,2.2,3.3,5.0,26.1,26.7,27.5,27.1,26.5,0.7,0.5,0.1,0.3,0.5
11,10,2009,3.4,3.0,1.9,2.4,3.2,26.2,26.7,27.4,27.0,26.5,0.4,0.3,0.2,0.3,0.3
19,10,2009,2.7,3.0,2.1,2.4,2.9,26.3,26.4,27.1,26.8,26.4,0.4,0.3,0.2,0.2,0.3
1,11,2009,2.1,2.3,2.1,2.1,2.2,26.3,26.5,27.4,27.0,26.4,0.3,0.3,0.2,0.2,0.3
15,11,2009,1.2,1.8,2.1,1.9,1.5,26.6,26.7,27.0,26.9,26.7,NA,NA,NA,NA,NA
12,12,2009,1.3,1.4,2.1,1.8,1.3,26.6,26.7,27.0,26.9,26.7,0.1,0.1,0.1,0.1,0.1
31,1,2010,-0.8,-0.5,0.1,-0.2,-0.6,24.1,26.9,27.3,26.7,25.8,0.4,0.1,0.1,0.1,0.2
22,2,2010,-0.9,-0.5,0.4,0.0,-0.7,25.3,27.0,27.6,27.1,26.3,NA,NA,NA,NA,NA
13,3,2010,-1.2,-0.6,0.3,-0.1,-0.8,23.7,26.9,27.8,26.9,25.6,0.3,0.1,0.1,0.1,0.2
20,5,2010,4.5,0.5,-0.4,0.6,2.1,22.2,26.1,28.0,26.6,24.5,0.9,0.3,0.1,0.3,0.5
1,6,2010,6.1,2.9,-0.2,1.5,4.2,23.4,25.5,27.5,26.4,24.7,0.6,0.3,0.2,0.3,0.4
10,6,2010,6.6,1.7,-0.7,1.0,3.6,23.4,26.3,28.5,27.2,25.1,0.6,0.2,0.1,0.2,0.3
21,6,2010,6.7,1.9,-0.2,1.3,3.8,24.0,26.6,27.9,27.0,25.6,0.7,0.1,0.1,0.2,0.4
1,7,2010,9.1,3.6,-0.1,2.2,5.8,24.0,26.1,28.0,27.0,25.3,1.5,0.6,0.1,0.4,1.0
10,7,2010,10.6,3.9,0.6,2.9,6.6,23.9,26.1,27.6,26.7,25.2,1.6,0.7,0.2,0.5,1.1
20,7,2010,10.6,4.3,1.2,3.4,6.9,24.6,26.2,27.4,26.7,25.5,1.4,0.3,0.1,0.4,0.7
1,8,2010,NA,NA,NA,NA,NA,NA,NA,NA,NA,NA,NA,NA,NA,NA,NA
10,8,2010,14.6,7.2,2.1,5.2,10.2,24.4,25.8,27.2,26.5,25.3,1.1,0.6,0.3,0.5,0.8
19,8,2010,14.0,12.8,4.7,8.0,13.3,24.5,24.9,26.8,26.0,24.8,1.4,1.1,0.2,0.6,1.2
28,8,2010,10.8,5.3,1.0,3.5,7.5,24.0,26.4,27.7,26.8,25.4,0.8,0.3,0.1,0.3,0.5
9,9,2010,9.7,7.7,2.7,5.0,8.5,25.2,25.8,27.3,26.6,25.6,0.6,0.3,0.2,0.3,0.4
20,9,2010,8.8,6.5,2.8,4.6,7.4,25.4,26.4,27.3,26.8,26.0,1.5,0.2,0.2,0.4,0.7
29,9,2010,8.6,8.1,4.2,5.8,8.3,25.5,25.8,27.0,26.5,25.7,3.8,2.5,0.2,1.3,3.0
11,10,2010,6.7,5.3,2.4,3.7,5.9,25.8,26.5,27.6,27.0,26.2,0.4,0.3,0.1,0.2,0.3
20,10,2010,4.3,3.0,1.2,2.1,3.5,26.5,27.2,27.9,27.5,26.9,0.2,0.1,0.1,0.1,0.1
1,11,2010,2.9,2.7,1.9,2.3,2.8,26.8,27.2,27.7,27.4,27.1,0.1,0.1,0.1,0.1,0.1
15,11,2010,1.5,1.6,1.7,1.6,1.6,26.9,27.0,27.4,27.2,26.9,0.1,0.1,0.3,0.2,0.1
27,1,2011,-1.2,-1.2,-1.1,-1.1,-1.2,21.6,21.8,21.8,21.7,21.7,NA,NA,NA,NA,NA
15,2,2011,NA,NA,NA,NA,NA,NA,NA,NA,NA,NA,NA,NA,NA,NA,NA
13,3,2011,-1.4,-0.6,-0.2,-0.5,-0.9,26.3,27.8,28.5,28.0,27.2,0.2,0.0,0.0,0.1,0.1
7,4,2011,-1.0,-0.8,-0.9,-0.9,-0.9,27.0,27.9,28.8,28.3,27.6,0.3,0.0,0.1,0.1,0.1
21,5,2011,2.9,-0.1,-0.8,-0.1,1.1,26.4,28.0,28.6,28.1,27.3,1.5,4.1,1.3,2.0,3.1
31,5,2011,5.6,2.7,0.0,1.5,3.9,26.5,27.2,28.1,27.7,27.0,0.6,5.1,6.8,5.4,3.3
11,6,2011,8.9,5.1,0.5,2.9,6.6,26.3,27.0,28.0,27.5,26.7,0.5,0.9,4.2,2.9,0.7
20,6,2011,9.7,4.4,1.2,3.2,6.5,26.5,27.0,27.8,27.4,26.8,0.6,0.4,0.8,0.7,0.5
30,6,2011,12.0,8.8,3.4,6.0,10.1,25.9,26.7,27.4,27.0,26.4,0.7,0.5,0.2,0.3,0.6
11,7,2011,14.8,8.8,3.2,6.3,11.2,25.7,26.6,27.7,27.1,26.2,1.3,0.7,0.1,0.4,0.9
20,7,2011,14.7,9.0,2.0,5.6,11.3,25.8,26.8,28.0,27.4,26.4,NA,NA,NA,NA,NA
30,7,2011,17.0,13.0,3.9,8.0,14.6,25.7,26.3,27.7,27.0,26.1,0.9,0.7,0.1,0.4,0.8
10,8,2011,15.2,11.4,2.0,6.2,12.9,25.4,26.5,28.1,27.3,26.1,1.1,0.4,0.1,0.3,0.7
20,8,2011,14.1,12.6,5.5,8.5,13.2,25.4,26.0,27.4,26.7,25.7,1.7,0.8,0.2,0.6,1.2
30,8,2011,14.2,13.3,6.2,9.1,13.7,25.9,25.9,27.3,26.7,25.9,NA,NA,NA,NA,NA
10,9,2011,13.6,13.0,6.7,9.2,13.2,25.9,26.0,27.3,26.8,25.9,NA,NA,NA,NA,NA
20,9,2011,12.5,12.4,7.8,9.6,12.5,25.7,25.9,27.0,26.6,25.8,NA,NA,NA,NA,NA
29,9,2011,10.9,10.8,6.6,8.2,10.8,24.4,26.3,27.2,26.6,25.5,NA,NA,NA,NA,NA
10,10,2011,9.1,7.0,2.7,4.7,7.8,25.1,26.8,28.0,27.3,26.1,NA,NA,NA,NA,NA
22,10,2011,6.4,5.2,1.9,3.4,5.7,26.2,27.2,28.1,27.6,26.8,0.5,0.3,0.1,0.2,0.4
31,10,2011,5.5,4.9,2.4,3.5,5.2,26.3,27.0,28.0,27.5,26.7,0.4,0.3,0.1,0.2,0.3
14,11,2011,3.2,3.2,2.1,2.6,3.2,27.0,27.1,27.9,27.6,27.1,NA,NA,NA,NA,NA
10,12,2011,NA,NA,NA,NA,NA,27.4,28.0,28.1,28.0,27.8,NA,NA,NA,NA,NA
27,2,2012,-1.2,-1.1,-0.4,-0.7,-1.1,27.1,27.4,27.7,27.5,27.3,NA,NA,NA,NA,NA
19,3,2012,-1.2,-0.9,0.4,-0.2,-1.0,23.4,27.3,27.4,26.7,25.7,NA,NA,NA,NA,NA
2,4,2012,-1.3,-1.0,0.3,-0.2,-1.1,25.3,27.0,28.1,27.4,26.3,NA,NA,NA,NA,NA
14,4,2012,-1.2,-0.6,0.3,-0.1,-0.8,27.0,28.0,28.9,28.4,27.6,NA,NA,NA,NA,NA
23,5,2012,4.2,3.0,0.5,1.6,3.5,26.1,26.8,28.2,27.5,26.5,NA,NA,NA,NA,NA
31,5,2012,6.3,2.2,0.0,1.5,3.9,25.5,27.1,28.6,27.8,26.5,NA,NA,NA,NA,NA
10,6,2012,7.8,3.3,0.5,2.3,5.1,24.8,27.1,28.3,27.5,26.2,1.0,0.6,0.6,0.6,0.7
20,6,2012,12.5,7.2,1.8,4.7,9.4,24.4,26.3,27.8,27.0,25.6,0.8,0.4,0.2,0.3,0.6
30,6,2012,10.5,6.8,1.8,4.3,8.3,23.9,26.5,28.0,27.0,25.4,1.3,0.5,0.1,0.4,0.8
10,7,2012,12.6,7.5,1.7,4.7,9.6,25.3,26.3,28.1,27.2,25.9,1.9,0.6,0.1,0.5,1.1
18,7,2012,14.3,9.5,2.6,6.0,11.4,25.2,26.1,27.8,27.0,25.7,1.3,1.4,0.3,0.7,1.3
30,7,2012,13.0,5.3,1.3,4.0,8.4,25.1,27.1,28.3,27.5,26.3,1.1,0.4,0.1,0.3,0.7
9,8,2012,12.9,10.1,3.0,6.2,11.2,23.5,26.1,27.8,26.7,25.0,1.1,0.7,0.1,0.4,0.9
20,8,2012,13.5,11.0,4.2,7.2,12.0,24.4,25.8,27.6,26.7,25.3,1.3,0.8,0.1,0.4,1.0
30,8,2012,12.2,7.6,3.4,5.7,9.5,24.9,26.5,27.8,27.1,25.9,1.0,0.3,0.1,0.3,0.6
10,9,2012,10.8,10.5,5.9,7.7,10.6,24.1,25.8,27.3,26.4,25.1,1.2,0.8,0.2,0.5,1.0
19,9,2012,9.9,9.2,5.6,7.1,9.5,25.6,26.2,27.3,26.8,25.9,1.6,0.6,0.2,0.5,1.0
1,10,2012,8.9,7.8,4.1,5.7,8.2,25.6,26.4,27.7,27.1,26.0,NA,NA,NA,NA,NA
10,10,2012,8.7,8.7,5.8,6.9,8.7,25.5,26.0,27.2,26.6,25.8,0.5,0.3,0.2,0.2,0.3
22,10,2012,6.5,6.7,5.0,5.6,6.6,25.1,25.6,27.3,26.6,25.4,0.4,0.3,0.1,0.2,0.3
30,10,2012,4.3,4.4,3.1,3.6,4.4,25.0,26.0,28.0,27.1,25.6,0.4,0.2,0.1,0.2,0.3
12,11,2012,3.3,3.9,3.8,3.7,3.7,26.1,26.9,27.5,27.2,26.6,NA,NA,NA,NA,NA
12,2,2013,-0.7,-0.8,0.1,-0.3,-0.8,21.7,27.4,28.0,26.9,25.1,0.2,0.1,0.1,0.1,0.1
9,3,2013,-1.0,-1.0,-0.1,-0.4,-1.0,19.7,24.1,26.8,25.1,22.4,NA,NA,NA,NA,NA
12,4,2013,-0.6,-0.6,-0.2,-0.3,-0.6,21.7,27.8,28.5,27.3,25.4,0.2,0.0,0.1,0.1,0.1
20,5,2013,5.1,1.5,-0.3,0.9,2.9,25.0,26.9,28.4,27.5,26.1,0.7,0.3,0.1,0.3,0.5
30,5,2013,6.2,2.4,0.0,1.5,3.9,25.0,26.7,28.1,27.3,26.1,1.3,0.3,0.1,0.4,0.7
10,6,2013,11.8,6.7,1.1,4.1,8.8,23.8,25.9,27.4,26.5,25.1,0.9,0.5,0.2,0.4,0.7
19,6,2013,12.0,7.5,1.3,4.4,9.3,24.0,25.3,27.7,26.6,24.8,1.5,0.6,0.1,0.5,1.0
30,6,2013,13.4,8.3,2.0,5.2,10.3,24.0,25.4,27.5,26.5,24.8,1.2,0.4,0.0,0.3,0.8
11,7,2013,16.3,10.1,0.7,5.3,12.6,23.8,25.3,28.1,26.8,24.7,2.0,1.0,0.1,0.6,1.4
20,7,2013,15.2,7.5,1.2,4.8,10.6,23.2,25.9,28.0,26.8,24.8,NA,NA,NA,NA,NA
31,7,2013,14.2,5.6,2.4,4.9,9.0,24.6,27.0,27.9,27.1,26.0,1.3,0.3,0.2,0.4,0.7
10,8,2013,16.8,10.4,3.4,7.1,13.0,24.3,25.7,27.6,26.6,25.1,2.0,0.8,0.2,0.6,1.3
20,8,2013,16.0,11.8,3.9,7.6,13.5,24.6,25.7,27.3,26.5,25.3,1.6,0.7,0.2,0.5,1.0
31,8,2013,13.5,7.1,2.1,5.0,9.6,25.3,27.1,28.2,27.5,26.4,1.0,0.3,0.1,0.3,0.6
10,9,2013,10.5,5.4,2.1,4.2,7.4,25.7,27.0,27.8,27.3,26.5,1.6,0.4,0.2,0.4,0.9
19,9,2013,8.8,4.9,1.8,3.6,6.4,26.1,27.0,27.9,27.4,26.6,1.7,0.5,0.2,0.5,1.0
1,10,2013,8.9,8.8,6.4,7.3,8.8,26.0,26.0,26.7,26.4,26.0,0.6,0.4,0.3,0.4,0.5
9,10,2013,8.0,6.9,2.2,4.2,7.3,25.4,26.3,28.0,27.2,25.9,0.5,0.3,0.2,0.3,0.4
21,10,2013,5.3,4.8,2.4,3.4,5.0,26.0,26.3,27.7,27.1,26.2,0.3,0.3,0.2,0.3,0.3
29,10,2013,3.3,2.8,1.8,2.3,3.0,26.2,27.4,28.1,27.7,26.9,0.3,0.2,0.1,0.2,0.2
9,11,2013,2.7,3.4,2.9,3.0,3.1,27.1,27.6,27.8,27.7,27.4,NA,NA,NA,NA,NA
8,2,2014,-1.2,-1.3,-1.4,-1.3,-1.3,26.7,27.8,27.9,27.7,27.4,0.1,0.1,0.1,0.1,0.1
14,3,2014,-0.9,-1.3,-1.2,-1.2,-1.1,23.2,27.5,27.8,27.0,25.8,0.2,0.1,0.1,0.1,0.1
5,4,2014,-0.8,-1.0,-0.5,-0.7,-0.9,21.9,27.3,28.3,27.1,25.1,0.5,0.1,0.1,0.2,0.2
28,5,2014,5.8,2.8,0.2,1.7,4.0,26.4,27.0,28.0,27.5,26.8,NA,0.7,1.0,NA,NA
10,6,2014,9.9,7.4,2.0,4.5,8.4,25.1,25.7,27.3,26.6,25.4,NA,NA,NA,NA,NA
19,6,2014,9.9,9.3,3.7,5.9,9.5,24.3,24.9,26.8,26.0,24.6,NA,NA,NA,NA,NA
30,6,2014,10.3,5.9,0.6,3.3,7.6,24.1,26.0,28.1,27.0,25.2,NA,NA,NA,NA,NA
12,7,2014,11.8,7.1,2.7,5.1,9.0,25.3,26.6,26.7,26.5,26.1,0.8,0.3,0.1,0.3,0.5
21,7,2014,15.0,9.3,4.0,6.9,11.6,26.2,27.3,27.8,27.4,26.9,NA,NA,NA,NA,NA
30,7,2014,16.9,11.2,2.4,6.6,13.4,26.9,27.7,28.7,28.2,27.4,1.6,0.6,0.2,0.5,1.0
12,8,2014,16.8,8.9,2.7,6.3,12.0,24.7,26.2,28.0,27.1,25.6,NA,NA,NA,NA,NA
20,8,2014,14.0,8.8,2.2,5.5,10.9,24.4,25.9,27.7,26.8,25.3,1.3,0.4,0.1,0.4,0.8
31,8,2014,12.9,12.7,6.4,8.9,12.8,24.6,25.1,26.8,26.1,24.9,1.8,0.9,0.3,0.7,1.3
10,9,2014,13.0,9.1,2.5,5.6,10.7,24.4,26.2,28.2,27.1,25.5,1.3,0.4,0.2,0.4,0.7
20,9,2014,10.4,7.0,2.7,4.9,8.4,25.1,26.9,28.1,27.4,26.2,1.5,0.3,0.2,0.4,0.8
29,9,2014,8.3,7.7,3.8,5.4,7.9,25.3,26.0,27.4,26.8,25.7,1.3,0.9,NA,NA,1.1
9,10,2014,7.2,6.9,4.1,5.2,7.0,25.5,25.9,27.4,26.8,25.8,0.8,0.6,0.2,0.4,0.7
20,10,2014,4.6,5.2,3.6,4.1,5.0,25.8,26.4,27.6,27.0,26.2,0.6,0.4,0.2,0.3,0.5
29,10,2014,4.2,4.4,3.4,3.7,4.3,26.9,27.3,27.7,27.5,27.1,0.3,0.2,0.2,0.2,0.2
16,11,2014,1.4,2.0,2.3,2.1,1.8,26.5,26.9,28.0,27.5,26.7,0.3,0.2,0.2,0.2,0.2
2,12,2014,0.5,1.2,1.7,1.4,0.9,26.5,27.0,28.0,27.5,26.8,NA,NA,NA,NA,NA
10,2,2015,-0.8,-1.0,-0.8,-0.9,-0.9,22.2,27.6,27.8,26.9,25.5,0.2,0.1,0.1,0.1,0.1
21,2,2015,-0.9,-0.9,0.0,-0.4,-0.9,20.8,27.6,28.0,26.8,24.9,0.2,0.1,0.1,0.1,0.2
3,3,2015,-0.5,-0.6,0.1,-0.2,-0.6,21.8,27.5,28.0,26.9,25.2,0.2,0.1,0.4,0.3,0.1
16,3,2015,-0.5,-0.7,-0.1,-0.3,-0.6,20.7,27.6,28.2,26.9,24.9,0.4,0.1,0.2,0.2,0.2
7,4,2015,-0.3,-0.2,0.0,-0.1,-0.2,22.7,27.5,28.5,27.4,25.6,0.3,0.1,0.1,0.1,0.2
10,6,2015,8.0,4.0,0.3,2.4,5.6,24.3,26.2,28.0,27.0,25.4,0.8,0.4,0.5,0.5,0.6
20,6,2015,7.2,3.2,0.3,2.1,4.8,24.5,26.5,27.9,27.1,25.7,2.3,0.2,0.2,0.5,1.1
30,6,2015,9.2,3.1,0.5,2.4,5.5,25.2,26.9,27.8,27.2,26.2,1.6,0.9,0.2,0.6,1.1
11,7,2015,12.1,6.5,0.8,3.8,8.7,24.7,26.0,27.9,27.0,25.5,1.2,1.0,0.3,0.6,1.0
20,7,2015,11.9,5.5,1.3,3.9,8.1,24.5,26.3,27.7,26.9,25.6,0.8,0.3,0.2,0.3,0.5
30,7,2015,11.8,9.7,4.0,6.5,10.5,23.8,26.0,27.2,26.4,25.1,1.8,0.6,0.2,0.5,1.1
10,8,2015,12.9,9.8,4.4,7.0,11.0,22.6,25.8,27.3,26.2,24.5,1.8,0.2,0.2,0.4,0.8
19,8,2015,11.7,6.8,2.5,4.9,8.8,23.3,26.6,27.7,26.8,25.3,0.6,0.2,0.1,0.2,0.4
31,8,2015,11.2,7.5,3.2,5.4,9.0,23.1,26.8,27.7,26.8,25.3,1.1,0.3,0.2,0.3,0.6
9,9,2015,11.7,9.8,4.5,6.8,10.5,22.7,25.3,27.5,26.2,24.2,1.2,0.5,0.2,0.4,0.8
21,9,2015,10.7,8.0,4.5,6.3,9.1,24.3,26.4,27.5,26.8,25.6,1.7,0.4,0.2,0.5,0.9
30,9,2015,10.3,9.1,5.5,7.1,9.6,24.3,25.6,27.1,26.3,25.1,1.5,0.7,0.2,0.5,1.1
12,10,2015,7.6,7.1,3.4,4.9,7.3,25.0,25.6,27.6,26.7,25.3,0.8,0.6,0.2,0.4,0.7
21,10,2015,6.0,4.3,2.3,3.3,4.9,25.6,27.4,27.9,27.4,26.7,0.4,0.2,0.1,0.2,0.3
29,10,2015,4.8,4.8,3.7,4.1,4.8,26.1,26.4,27.5,27.0,26.3,0.5,0.4,0.2,0.3,0.4
10,11,2015,3.3,3.5,1.6,2.3,3.4,26.8,27.6,28.3,27.9,27.2,0.3,0.2,0.1,0.2,0.2
21,11,2015,1.6,2.5,3.0,2.7,2.2,26.0,27.0,27.5,27.2,26.6,0.2,0.2,0.2,0.2,0.2
3,2,2016,-0.7,-1.0,-0.9,-0.9,-0.9,22.6,27.3,27.4,26.7,25.5,0.1,0.1,0.1,0.1,0.1
16,2,2016,-0.8,-0.9,-0.4,-0.5,-0.8,22.0,27.4,27.7,26.7,25.2,0.3,0.1,0.1,0.1,0.2
7,3,2016,-0.6,-1.0,-0.4,-0.6,-0.8,19.4,27.4,27.7,26.4,24.2,0.3,0.1,0.1,0.1,0.2
15,3,2016,-0.7,-0.9,-0.6,-0.7,-0.9,21.8,27.3,27.6,26.6,25.1,0.2,0.1,0.1,0.1,0.1
3,4,2016,-0.6,-0.7,-0.5,-0.6,-0.7,19.2,27.5,28.2,26.6,24.2,0.3,0.1,0.1,0.1,0.2
24,5,2016,7.7,3.3,0.4,2.2,5.1,24.4,26.1,27.5,26.7,25.4,1.2,0.4,0.2,0.4,0.7
31,5,2016,8.4,3.8,0.9,2.7,5.6,24.0,25.9,27.3,26.5,25.1,0.7,0.3,0.2,0.3,0.5
12,6,2016,9.6,4.2,0.2,2.6,6.4,22.3,26.1,28.1,26.7,24.6,1.2,0.4,0.2,0.4,0.7
19,6,2016,9.0,4.1,1.4,3.2,6.1,23.8,26.2,27.4,26.6,25.2,1.4,0.3,0.2,0.4,0.7
30,6,2016,11.7,4.3,0.7,3.3,7.3,24.2,26.3,27.8,26.9,25.5,1.2,0.3,0.1,0.3,0.7
11,7,2016,16.3,10.2,3.9,7.2,12.6,24.2,25.2,26.7,26.0,24.8,1.4,0.5,0.3,0.5,0.9
21,7,2016,17.3,10.6,2.6,6.7,13.3,24.4,25.3,27.3,26.4,25.0,1.7,0.9,0.2,0.6,1.2
31,7,2016,16.9,9.7,2.7,6.5,12.6,24.5,25.7,27.3,26.5,25.2,1.5,0.8,0.2,0.5,1.1
9,8,2016,16.7,10.7,2.9,6.8,13.1,23.8,25.6,27.3,26.3,24.9,1.1,0.4,0.2,0.4,0.7
20,8,2016,15.1,11.1,3.1,6.8,12.7,24.0,25.6,27.2,26.4,25.0,1.2,0.4,0.2,0.4,0.7
30,8,2016,13.7,11.2,4.0,7.2,12.2,24.6,25.4,27.1,26.3,25.1,NA,NA,NA,NA,NA
12,9,2016,11.4,8.3,3.2,5.6,9.5,24.5,25.8,27.3,26.5,25.3,1.6,0.7,0.2,0.5,1.0
21,9,2016,10.1,6.2,3.1,4.9,7.8,24.6,26.3,27.4,26.7,25.6,1.5,0.5,0.2,0.5,0.9
1,10,2016,7.6,6.2,3.7,4.9,6.8,25.9,27.1,27.4,27.1,26.6,0.5,0.2,0.2,0.2,0.3
10,10,2016,6.6,7.0,5.6,6.1,6.8,24.3,25.8,27.0,26.3,25.2,0.9,0.5,0.2,0.4,0.7
19,10,2016,5.9,6.4,4.1,4.9,6.2,24.9,26.2,27.5,26.8,25.7,0.6,0.3,0.2,0.3,0.4
31,10,2016,5.7,6.7,4.7,5.3,6.3,25.6,26.6,27.3,26.9,26.2,0.4,0.2,0.2,0.2,0.3
12,11,2016,3.5,4.3,5.3,4.8,4.0,25.9,26.3,27.0,26.6,26.1,0.3,0.3,0.2,0.2,0.3
21,11,2016,4.0,4.3,4.7,4.5,4.2,26.4,26.5,27.2,26.9,26.5,0.2,0.2,0.2,0.2,0.2
29,11,2016,2.7,3.1,4.3,3.8,2.9,26.2,26.4,26.9,26.7,26.4,0.2,0.2,0.2,0.2,0.2
25,3,2017,-0.8,-0.9,-0.4,-0.6,-0.9,24.0,27.8,28.2,27.4,26.3,0.4,0.1,0.1,0.2,0.2
4,4,2017,-0.9,-0.9,-0.7,-0.7,-0.9,26.3,27.6,28.0,27.7,27.1,0.3,0.1,0.1,0.2,0.2
20,4,2017,-0.8,-0.9,-0.9,-0.9,-0.9,25.6,27.4,27.6,27.2,26.7,1.3,0.3,0.3,0.5,0.7
29,4,2017,-0.6,-0.6,-0.8,-0.7,-0.6,26.6,27.5,27.8,27.6,27.1,0.5,0.4,0.3,0.3,0.4
10,5,2017,1.1,0.9,0.5,0.7,1.0,26.7,27.0,27.2,27.1,26.9,1.4,1.4,1.1,1.2,1.4
20,5,2017,2.4,0.4,-0.5,0.1,1.2,26.3,27.3,28.0,27.6,26.9,0.5,0.3,0.3,0.3,0.4
30,5,2017,4.2,1.7,0.1,1.1,2.7,26.0,27.0,27.6,27.2,26.6,1.1,1.0,0.4,0.6,1.1
10,6,2017,5.2,2.0,0.1,1.3,3.3,25.4,27.0,27.8,27.2,26.4,1.2,1.0,0.3,0.6,1.1
21,6,2017,8.0,4.2,0.3,2.4,5.7,23.9,26.6,27.8,26.9,25.5,1.3,0.9,0.9,0.9,1.1
29,6,2017,9.8,7.2,2.4,4.6,8.2,21.9,24.3,27.2,25.7,23.4,1.5,0.7,0.4,0.6,1.0
11,7,2017,11.7,5.6,1.4,4.0,8.1,21.2,25.4,27.5,26.1,23.7,1.2,0.4,0.2,0.4,0.7
20,7,2017,13.7,8.4,3.0,5.9,10.5,22.4,24.6,26.8,25.6,23.7,NA,NA,NA,NA,NA
31,7,2017,13.1,5.9,1.8,4.5,8.8,22.9,25.7,27.5,26.4,24.6,NA,NA,NA,NA,NA
12,8,2017,14.2,9.0,3.1,6.2,11.1,22.8,24.7,26.9,25.8,24.0,NA,NA,NA,NA,NA
22,8,2017,12.6,7.5,2.8,5.4,9.5,24.0,25.6,27.1,26.3,25.0,NA,NA,NA,NA,NA
2,9,2017,11.9,10.9,4.2,6.9,11.3,23.7,24.1,26.5,25.5,23.9,NA,NA,NA,NA,NA
12,9,2017,9.8,7.4,2.9,5.0,8.4,22.9,25.1,27.0,25.9,24.3,1.2,0.7,0.4,0.6,0.9
20,9,2017,8.6,8.6,5.8,6.9,8.6,23.6,24.4,26.0,25.2,24.1,1.1,0.9,0.4,0.6,0.9
30,9,2017,8.2,8.3,4.7,6.1,8.3,22.6,24.5,26.5,25.4,23.7,2.1,0.6,0.3,0.6,1.2
11,10,2017,7.5,7.6,5.6,6.4,7.6,23.3,24.1,25.9,25.1,23.8,1.2,1.0,0.5,0.7,1.1
22,10,2017,5.9,6.5,6.5,6.4,6.3,23.3,24.3,25.8,25.1,23.9,0.7,0.5,0.3,0.4,0.5
30,10,2017,5.5,6.1,2.8,4.0,5.9,24.5,25.6,27.2,26.4,25.1,0.4,0.3,0.2,0.2,0.3
9,11,2017,4.8,4.5,2.4,3.3,4.6,24.9,26.0,27.3,26.7,25.6,0.3,0.3,0.2,0.2,0.3
21,11,2017,2.6,2.9,3.1,3.0,2.8,25.0,25.3,26.7,26.1,25.2,0.3,0.3,0.2,0.2,0.3
30,11,2017,2.2,3.3,3.0,2.9,2.8,25.1,26.3,27.0,26.5,25.8,0.2,0.2,0.2,0.2,0.2
13,2,2018,-0.6,-0.6,0.0,-0.2,-0.6,23.7,26.5,26.8,26.2,25.4,0.2,0.2,0.2,0.2,0.2
20,3,2018,-0.8,-0.5,0.5,0.1,-0.6,16.8,23.4,27.1,24.7,20.7,0.3,0.2,0.2,0.2,0.2
29,3,2018,-0.7,-0.4,0.4,0.1,-0.5,24.2,26.8,27.7,27.0,25.7,0.6,0.2,0.2,0.2,0.3
18,4,2018,-0.3,-0.1,0.3,0.1,-0.2,22.7,27.2,27.9,26.9,25.4,0.4,0.2,0.2,0.2,0.3
26,4,2018,0.2,0.1,0.3,0.2,0.2,24.3,26.9,27.5,26.9,25.9,0.5,0.3,0.2,0.2,0.4
12,5,2018,4.0,1.4,0.3,1.1,2.4,23.8,25.8,27.4,26.5,25.0,2.1,1.2,0.3,0.8,1.6
20,5,2018,6.4,1.8,0.3,1.6,3.6,23.5,26.1,27.4,26.5,25.1,1.1,0.5,0.2,0.4,0.7
31,5,2018,9.2,5.7,0.2,2.9,7.1,22.9,24.6,27.5,26.1,23.9,0.8,0.5,0.2,0.4,0.6
10,6,2018,8.2,2.9,0.1,2.0,5.0,23.4,26.0,27.8,26.7,25.0,0.7,0.2,0.2,0.3,0.4
21,6,2018,6.3,1.1,0.3,1.4,3.2,24.9,27.0,27.3,26.9,26.2,1.2,0.3,0.2,0.4,0.7
1,7,2018,9.5,6.7,1.9,4.2,7.8,25.6,25.9,26.9,26.4,25.8,1.1,0.8,0.3,0.5,0.9
10,7,2018,13.5,8.5,1.5,5.0,10.5,25.6,25.9,27.1,26.6,25.8,1.2,1.1,0.2,0.6,1.1
21,7,2018,16.7,9.6,3.7,7.1,12.4,25.3,25.7,26.6,26.2,25.5,1.3,0.9,0.3,0.6,1.0
30,7,2018,18.3,11.6,3.2,7.5,14.3,24.8,25.6,26.9,26.3,25.3,1.0,0.5,0.3,0.4,0.7
9,8,2018,17.6,14.8,5.3,9.4,15.9,24.8,25.2,26.6,26.0,25.0,1.8,0.9,0.3,0.7,1.3
20,8,2018,12.8,6.7,2.5,5.1,9.1,25.2,26.3,27.1,26.6,25.8,NA,NA,NA,NA,NA
30,8,2018,11.3,5.9,2.4,4.5,8.1,25.3,26.4,27.1,26.7,26.0,NA,NA,NA,NA,NA
10,9,2018,13.1,9.9,3.8,6.7,11.2,24.9,25.5,26.8,26.2,25.3,NA,NA,NA,NA,NA
20,9,2018,11.4,9.6,4.8,6.9,10.3,25.1,25.5,26.6,26.1,25.3,NA,NA,NA,NA,NA
1,10,2018,8.1,6.4,2.9,4.5,7.1,25.4,26.0,27.0,26.5,25.8,NA,NA,NA,NA,NA
10,10,2018,6.1,4.9,2.9,3.9,5.4,25.7,26.4,27.1,26.7,26.1,0.5,0.4,0.3,0.3,0.5
23,10,2018,5.0,4.4,3.1,3.7,4.6,25.9,26.5,27.2,26.8,26.3,0.4,0.3,0.2,0.3,0.4
31,10,2018,3.5,3.7,3.0,3.2,3.6,25.2,26.3,27.2,26.7,25.8,0.5,0.4,0.3,0.3,0.4
10,11,2018,3.3,3.4,2.5,2.9,3.4,26.1,26.5,27.3,27.0,26.4,0.3,0.3,0.3,0.3,0.3
20,11,2018,3.1,3.1,3.0,3.0,3.1,26.5,26.5,27.1,26.8,26.5,0.3,0.3,0.3,0.3,0.3
11,2,2019,-1.4,-1.4,-1.3,-1.3,-1.4,25.1,26.5,27.2,26.7,25.9,NA,NA,NA,NA,NA
14,3,2019,-1.2,-1.3,-0.7,-0.9,-1.3,24.4,27.2,27.5,26.9,26.1,NA,NA,NA,NA,NA
22,3,2019,-1.2,-1.0,-0.3,-0.6,-1.1,25.0,27.3,27.7,27.2,26.4,0.3,0.2,0.2,0.2,0.2
30,3,2019,-1.2,-1.2,-0.6,-0.8,-1.2,25.2,27.2,27.6,27.2,26.4,0.2,0.1,0.1,0.2,0.2
10,4,2019,-0.9,-0.8,-0.2,-0.4,-0.8,22.3,27.3,28.1,27.0,25.3,0.3,0.2,0.2,0.2,0.2
18,4,2019,-0.7,-0.9,-0.6,-0.7,-0.8,21.1,26.9,27.6,26.5,24.6,0.4,0.2,0.2,0.2,0.3
14,5,2019,2.1,0.3,-0.1,0.3,1.0,25.3,26.9,27.4,26.9,26.2,1.9,1.6,0.8,1.2,1.7
21,5,2019,5.0,1.9,-0.1,1.1,3.1,24.8,26.4,27.6,26.9,25.8,1.6,1.9,0.7,1.1,1.8
2,6,2019,3.8,2.4,0.1,1.2,2.9,25.6,26.7,27.5,27.0,26.2,1.4,1.5,1.0,1.2,1.5
10,6,2019,6.9,2.2,0.4,1.8,4.1,24.9,26.5,27.5,26.8,25.9,1.0,0.5,0.5,0.6,0.7
18,6,2019,10.8,5.7,0.5,3.3,7.7,25.2,26.0,27.5,26.8,25.7,1.2,0.7,0.3,0.6,0.9
29,6,2019,12.1,7.2,1.4,4.4,9.2,24.8,25.8,27.2,26.5,25.4,1.2,1.0,0.3,0.6,1.1
9,7,2019,11.4,7.0,1.2,4.1,8.7,24.9,25.7,27.2,26.5,25.4,2.4,1.1,0.2,0.8,1.6
20,7,2019,12.0,8.1,2.3,5.1,9.7,23.7,25.4,27.0,26.1,24.7,1.3,0.9,0.3,0.6,1.0
1,8,2019,13.2,11.1,2.8,6.3,11.9,24.0,24.5,27.0,26.0,24.3,1.4,1.1,0.3,0.6,1.2
10,8,2019,11.1,6.9,1.6,4.3,8.6,24.2,25.9,27.4,26.6,25.2,1.1,0.4,0.2,0.4,0.7
20,8,2019,10.1,6.7,3.1,5.0,8.0,24.5,26.2,27.1,26.5,25.5,1.8,0.5,0.2,0.5,1.1
31,8,2019,11.1,6.6,2.3,4.7,8.4,24.2,26.0,27.3,26.5,25.3,2.1,0.7,0.2,0.6,1.3
10,9,2019,10.8,9.4,6.1,7.6,10.0,25.2,25.7,26.4,26.0,25.5,1.8,0.7,0.3,0.6,1.1
21,9,2019,9.8,9.9,5.2,7.0,9.8,25.4,25.5,26.6,26.2,25.4,1.3,1.2,0.5,0.8,1.2
3,10,2019,7.2,7.2,3.7,5.1,7.2,25.7,25.7,26.9,26.4,25.7,1.8,0.5,0.2,0.5,1.1
10,10,2019,6.3,6.3,3.8,4.8,6.3,25.6,25.7,26.8,26.4,25.7,0.6,0.6,0.3,0.4,0.6
21,10,2019,5.0,5.2,4.2,4.5,5.1,25.1,25.7,26.6,26.2,25.5,0.5,0.4,0.3,0.4,0.5
29,10,2019,4.1,4.3,4.3,4.3,4.2,25.4,25.7,26.4,26.1,25.6,0.4,0.4,0.3,0.4,0.4
,,,,,,,,,,,,,,,,,
,,,,,,,,,,,,,,,,,
,,,,,,,,,,,,,,,,,
,,,,,,,,,,,,,,,,,
,,,,,,,,,,,,,,,,,
