"Station";"Asterocystis ornata";"Amphibalanus improvisus";"Bangia atropurpurea";"Bathyporeia pilosa";"Bryozoa";"Bylgides sarsi";"Bythinia sp.";"Ceraclea nigronervosa";"Ceramium tenuicorne";"Ceratopogonidae";"Chara sp.";"Chelicorophium curvispinum";"Chironomidae";"Chironomus muratensis";"Chironomus sp.";"Cladophora glomerata";"Cladophora rupestris";"Cladophora vagabunda";"Coccotylus truncatus";"Coleoptera";"Colletopterum sp.";"Cordylophora caspia";"Corophium sp.";"Cricotopus sp.";"Corophium volutator";"Cyanophthalma obscura";"Dreissena polymorpha";"Ectocarpus sp.";"Electra crustulenta";"Enchytraeidae";"Ephemeroptera";"Erpobdella sp.";"Fontinalis antipyretica";"Fucus vesiculosus";"Gammaridae";"Gammarus sp.";"Gammarus oceanicus";"Gammarus tigrinus";"Gammarus zaddachi";"Halicryptus spinulosus";"Heteroptera";"Hirudinea";"Helobdella stagnalis";"Hydra viridis";"Hydracarina";"Hydrobia sp.";"Jaera sp.";"Laonome sp.";"Lekanesphaera sp. juv.";"Macoma balthica";"Limnodrilus hoffmeisteri";"Limoniidae";"Lumbriculidae";"Lymnaea sp.";"Lyngbya aestuarii";"Lyngbya majuscula";"Manayunkia aestuarina";"Marenzelleria sp.";"Marenzelleria arctia";"Marenzelleria neglecta";"Megaloptera";"Monoporeia affinis";"Mytilopsis leucophaeata";"Nematoda";"Nemertini";"Oligochaeta";"Ostracoda";"Pontoporeia femorata";"Potamogeton crispus";"Potamogeton pectinatus";"Potamogeton perfoliatus";"Pisidiidae";"Piscicola geometra";"Pygospio elegans";"Pylaiella littoralis";"Planorbidae";"Plecoptera";"Potamopyrgus antipodarum";"Procladius gr. ferrugineus";"Prostoma sp.";"Rangia cuneata";"Rhizoclonium hieroglyphicum";"Rhizoclonium sp.";"Rhizoclonium riparium";"Saduria entomon";"Sphacelaria sp.";"Sphacelaria arctica";"Sphacelaria cirrosa";"Sphaeriidae sp.";"Spongia";"Stictochironomus crassiforceps";"Stigeoclonium tenue";"Stylaria lacustris";"Tenellia adspersa";"Theodoxus fluviatilis";"Theodoxus pallasi";"Trichoptera";"Turbellaria";"Tubificade juv.";"Ulva intestinalis";"Ulva prolifera";"Unio sp.";"Urospora sp.";"Valvata sp.";"Viviparus viviparus";"Xenochironomus xenolabis";"Zanichelia sp.";"sampling_station_name";"depth";"mud";"clay";"fine_sand";"medium_sand";"coarse_sand";"gravel";"stone_small";"stone_large"
"101";0;371,164498834499;0;0;0;0;0;0;0;0;0;0;0,0566433566433566;0;0;0;0;0;0;0;0;0;0;0;0;0;21,6864801864802;0;0;0;0;0;0;0;0;0,0333333333333333;0;0;0;0;0;0;0;0;0;0;0,0566433566433566;0;0;0,783333333333333;0;0;0;0;0;0;0;0,24;0;0;0;0;0,466666666666667;0;0;0,0333333333333333;0;0;0;0;0;0;0;0;0;0;0;0,226456876456876;0;0;0,946153846153846;0;0;0;0;0;0;0;0;0;0;0;0;0;0;0;2,56666666666667;0;0,0166666666666667;0;0;0;0;0;0;0;0;"101";9;0;0;5;60;5;10;10;10
"12";0;41,32;0;0;0;0;0;0;0;0;0;0;0;0;0;0;0;0;0;0;0;0;0;0;0;0;0,04;0;0;0;0;0;0;0;0;0;0;0;0;0;0;0;0;0;0;0;0;0;0;0;0;0;0;0;0;0;0;0;0;0;0;0;0;0;0;0;0;0;0;0;0;0;0;0;0;0;0;0;0;0;0;0;0;0;0;0;0;0;0;0;0;0;0;0;0;0;0;0;0;0;0;0;0;0;0;0;0;"12";10;0;0;0;0;5;75;20;0
"133";0;444,708;0;0;0;0;0;0;0;0;0;0;0;0;0;0;0;0;0;0;0;0;0;0;0;0;8,602;0;0;0;0;0;0;0;0;2,387;0;0;0;0;0;0;0;0;0;0;0;0;0;0;0;0;0;0;0;0;0;0;0;0;0;0;0;0;0;0;0;0;0;0;0;0;0;0;0;0;0;0;0;0;0;0;0;0;0;0;0;0;0;0;0;0;0;0;0;0;0;0;0;0;0;0;0;0;0;0;0;"133";9,4;0;0;0;0;20;10;60;10
"135";0;150,86;0;0;0;0;0;0;0;0;0;0,15;0;0;0;0;0;0;0;0;0;0;0;0;0;0;2,755;0;0;0;0;0;0;0;0;0,05;0;0;0;0;0;0;0;0;0;0;0,025;0;0;0;0;0;0;0;0;0;0;0,56;0;0;0;0;0;0;0;0,05;0;0;0;0;0;0;0;0;0;0;0;0;0;0;0;0;0;0,025;0;0;0;0;0;0;0;0;0;0;0;0;0;0;0;0;0;0;0;0;0;0;0;"135";8,8;0;0;5;5;10;10;70;0
"136";0;0;0;0;0;0;0;0;0;0;0;0,08;0;0;0;0;0;0;0;0;0;0;0;0;0;0;0,04;0;0;0;0;0;0;0;0;0;0;0;0;0;0;0;0;0;0;0;0;0;0;0;0;0;0;0;0;0;0;0;0;0;0;0;0;0;0;0;0;0;0;0;0;0;0;0;0;0;0;0;0;0;0;0;0;0;0;0;0;0;0;0;0;0;0;0;0;0;0;0;0;0;0;0;0;0;0;0;0;"136";6,2;0;0;0;0;70;30;0;0
"14";0;58,5714285714286;0;0;0;0;0;0;0;0;0;0;0;0;0;0;0;0;0;0;0;0;0;0;0;0;0;0;0;0;0;0;0;0;0;0;0;0;0;0;0;0;0;0;0;0;0;0;0;0;0;0;0;0;0;0;0;0;0;0;0;0;0;0;0;0;0;0;0;0;0;0;0;0;0;0;0;0;0;0;0;0;0;0;0;0;0;0;0;0;0;0;0;0;0;0;0;0;0;0;0;0;0;0;0;0;0;"14";13;5;10;15;20;20;30;0;0
"145";0;0;0;0;0;0;0;0;0;0;0;0,683760683760684;1,62393162393162;0;0;0;0;170,9;0;0;0;0;0;0;0;0;4,52991452991453;0;0;0;0;0;0;0;0;0;0;0;0;0;0;0;0;0;0,0854700854700855;0;0;0;0;0;0;0;0;0;0;0;0;0;0;0;0;0;0,0427350427350427;0;0;0,0427350427350427;0;0;0;0;0;0;0;0;0;0;0;0;0;0;0,854700854700855;0;0;0;0;0;0;0;0;0;0;0;0;0;0;0;0,0427350427350427;0;0;0;0;0;0;0;0;0;0;"145";1,7;0;0;20;20;20;0;20;20
"146";0;0;0;0;0;0;0;0;0;0;0;0;0,16;0;0;0;0;0;0;0;0;0;0;0;0;0;0,04;0;0;0;0;0;0;0;0;0;0;0;0;0;0;0;0;0;0,02;0;0;0;0;0;0;0;0;0;0;0;0;0,08;0;0;0;0;0;0;0;0,08;0;0;0;0;0;0;0;0;0;0;0;0;0;0;0,04;0;0;0;0;0;0;0;0;0;0;0;0;0;0;0;0;0;0;0;0;0;0;0;0;0;0;"146";2;0;0;100;0;0;0;0;0
"147";0;0;0;0;0;0;0;0;0,00666666666666667;0;6;0,2;12,8633333333333;0;0;0;0;1239,83333333333;0;0;0;0;0;0;0;0,08;0,353333333333333;0;0;0;0;0;0;0;0;0;0,3;0;0;0;0;0;0;0;0,06;0;0;0;0;0;0;0;0;0;0;0;0;0;0;0;0;0;0;0;0;1,44333333333333;0;0;0;0;10,6666666666667;0;0;0;0;0;0;0,08;0;0;8,43333333333333;0;0;0,00666666666666667;0;0;0;0;0;0;0;0;0;0;0;0;0,00666666666666667;0;0;0,00666666666666667;0;0;0;0;0;0;0;"147";1,2;0;20;15;15;20;5;0;25
"148";0;5,5;0;0;0;0;0;0;0;0;0;0,3;1,88888888888889;0;0;0;0;910;0;0;0;0;0;0;0;0;7,7;0;0;0;0;0;0;0;0;0;0;0;0;0;0;0;0;0;0;0;0;0;0;0;0;0;0;0;0;0;0;0;0;0;0;0;0;0;0;0,05;0;0;0;0;0;0;0;0;0;0;0;0,1;0;0;0;0;0;0,05;0;0;0;0;0;0;0;0;0;0;0;0;0;0;0;0;0,5;0;0;0;0;0;0;"148";1,8;0;0;0;0;30;40;30;0
"149";0;0;0;0;0;0;0;0;0;0;0;0;0,08;0;0;0;0;0;0;0;0;0;0;0;0;0,08;0;0;0;0;0;0;0;0;0;0;0;0;0;0;0;0;0;0;0;0;0;0;0;0;0;0;0;0;0;0;0;0;0;0;0;0;0;0;0;0,28;0;0;0;0;0;0;0;0;0;0;0;0;0;0;0;0;0;0;0;0;0;0;0;0;0;0;0;0;0;0;0;0;0;0;0;0;0;0;0;0;0;"149";1,4;0;0;100;0;0;0;0;0
"150";0;0;0;0;0;0;0;0;0;0;0;0;0,04;0;0;0;0;0;0;0;0;0;0;0;0;0;0,02;0;0;0;0;0;0;0;0;0;0;0;0;0;0;0;0;0;0;0;0;0;0;0;0;0;0;0;0;0;0;0;0;0;0;0;0;0;0;0,08;0;0;0;0;0;0;0;0;0;0;0;0;0;0;1,2;0;0;0;0;0;0;0;0;0;0;0;0;0;0;0;0;0;0;0;0;0;0;0;0;0;0;"150";1,44;0;0;100;0;0;0;0;0
"151";0;0;0;0;0;0;0;0;0,07;0;1,4;0;4,60142857142857;0;0;12,9;0;314,285714285714;0;0;0;0;0;0;0,0714285714285714;0,01;0,142857142857143;0;0;0;0;0;0;0;0;0;0;0;0;0;0;0;0;0;0,005;0;0;0;0;0;0;0;0;0;0;0;0;0;0;0;0;0;0;0;0;0,305714285714286;0;0;0;0;0,142857142857143;0;0;0;0;0;0;0,08;0;0;0,511428571428571;0;0;0,075;0;0;0;0;0;0;0;0;0;0;0;0;0;0;0;0,075;0;0;0;0;0;0;0;"151";1,2;0;3,5;1;3,5;4,5;27,5;35;25
"152";0;0;0;0;0;0;0;0;0;0;0;0;0;0;0;0;0;0;0;0;0;0;0;0;0;0,16;0,28;0;0;0;0;0;0;0;0;0;0;0;0;0;0;0;0;0;0;0;0;0;0;0;0;0;0;0;0;0;0;0;0;0;0;0;0;0;0;0,12;0;0;0;0;0;0;0;0;0;0;0;0;0;0;1,56;0;0;0;0;0;0;0;0;0;0;0;0;0;0;0;0;0;0;0;0;0;0;0;0;0;0;"152";0,5;0;0;100;0;0;0;0;0
"153";0;0;0;0;0;0;0;0;0,0333333333333333;0;0;0,1;1,4795670995671;0;0;0;0,0333333333333333;75,3246753246753;0;0;0;0;0;0;0;0;0,466233766233766;0;0;0;0;0;0;0;0;0;0;0;0;0;0;0;0;0;0,0666666666666667;0;0;0;0;0;0;0;0;0;0;0;0;0,1;0;0;0;0;0;0;0;0,666666666666667;0;0;0;0;0;0;0;0;0;0;0;0;0;0;0;0;0;0;0;0;0;0;0;0;0;0;0;0;0;0;0,173160173160173;0;0;0;0;0;0;0;0;0;0;"153";1,2;0;50;17;10;10;0;10;3
"154";0;0;0;0;0;0;0;0;0;0;0;0,4;0,854777070063694;0;0;0;0;200,632911392405;0;0;0;0;0;0;0;0;0,3;0;0;0;0;0;0;0;0;0;0;0;0;0;0;0;0;0;0;0;0;0;0;0;0;0;0;0;0;0;0;0,0636942675159236;0;0;0;0;0;0;0;0,573248407643312;0;0;0;0;0;0;0;0;0;0;0;0,6;0;0;2,60955414012739;0;0;0,75;0;0;0;0;0;0;0;0;0;0;0;0;0;0;0;0;0,509554140127389;0;0;0;0;0;0;"154";1,3;0;30;5;5;5;25;20;10
"155";0;3,59375;0;0;0;0;0;0;0;0;0;0;0,9775;0;0;0;0;226,5625;0;0;0;0;0;0;0;0,04;0;0;0;0;0;0;0;0;0;1,40625;0;0;0;0;0;0;0;0;0;0;0;0;0;0;0;0;0;0;0;0;0;0;0;0;0;0;0;0;0;0,118125;0;0;0;0;0;0;0;0;0;0;0;0;0;0;0;0;0;0;0;0;0;0;0;0;0;0;0;0;0;0;0;0;0;0;1304,6875;0;0;0;0;0;0;"155";0,5;0;50;15;15;15;0;0;5
"156";0;2,8;0,0333333333333333;0;0;0;0;0;0;0,0666666666666667;0;2,46666666666667;5,08811040339703;0;0;143,333333333333;0;166,666666666667;0;0;0;0;0;0;0;0;5,17579617834395;0;0;0;0;0;0;0;0;0,133333333333333;0;0;0;0;0;0;0;0;0,233333333333333;0;0,1;0;0;0;0;0;0;0;0;0;0;0;0;0;0;0;0;0;0;0,5;0;0;0;0;0;0;0;0;0;0;0;0;0;0;0,127388535031847;0;0;0,7;0;0;0;0;0;0;0;0;0;0;0;0;0,0666666666666667;0;0;0;1,33333333333333;0;0;0;0;0;0;"156";0,85;0;10;20;15;15;0;30;10
"17";0;3403,706;0;0;0;0;0;0,34;0;0;0;0;0;0;0;0;0;0;0;0;0;0;0;0;0;0;0;0;0;0;0;0;0;0;0;0;0;0;0;0;0;0;0;0;0;0;0;0;0;0;0;0;0;0;0;0;0;0;0;0;0;0;0;0;0;0;0;0;0;0;0;0;0;0;0;0;0;0;0;0;0;0;0;0;0;0;0;0;0;0;0;0;0;0;0;0;0;0;0;0;0;0;0;0;0;0;0;"17";4;0;0;0;0;80;15;5;0
"186";0;17,3;0;0;0;0;0;0;0;0;0;1,75;0,45;0;0;0;0;364;0;0;0;0;0;0;0;0;0,7;0,005;0;0;0;0;0;0;0;0;2,45;0;0;0;0;0;0;0;0;0;0,05;0;0;0;0;0;0;0;0;0;0;0;0;0;0;0;0;0;0;0,15;0;0;0;0;0;0;0;0;0;0;0;0;0;0;0;0;0;0,005;0;0;0;0;0;0;0;0;0;0;0;0;0,05;0;0;0;0;0;0;0;0;0;0;"186";0,75;0;0;60;15;15;5;0;5
"19-GFGrBay-1";0;0;0;0;0;0;0;0;0;0;0;0;0,08;0;0;0;0;0;0;0;0;0;0;0;0;0;0;0;0;0;0;0;0;0;0;0;0;0;0;0;0;0;0;0;0;0;0;0;0;0;0;0;0;0;0;0;0;0;0;0;0;0;0;0;0;0,16;0;0;0;0;0;0;0;0;0;0;0;0,08;0;0;0;0;0;0;0;0;0;0;0;0;0;0;0;0;0;0;0;0;0;0;0;0;0;0;0;0;0;"19-GFGrBay-1";0,5;30;0;20;30;10;10;0;0
"19-GFKop-17";0;9,40932872217788;0;0;0;0;0;0;0;0;0;0,730858552087602;1,47482198878847;0;0;0;0;0;0;0;0;1,86219739292365;0;0;0;1,06810321894121;0,54;0;0;0;0;0;0;0;0;0;0;0,374878070408797;0;0;0;0;0;0;0,0471313292542343;0;0,34963534963535;0;0;0;0;0;0;0;0;0;0;0;0;0;0;0;2,93665173553442;0;0;0,0186219739292365;0;0;0;0;0;0;0;0;0;0;0;21,1402304139734;0;0;1,23862489784277;0;0;0;0;0;0;0;0;0;0;0;0;0;0;0,0900900900900901;0;0;0;0;0;0;0;0;0;0;0;"19-GFKop-17";0,375;0;0;10;10;0;10;20;50
"19-GFKop-19";0;0;0;0;0;0;0;0;0;0;0;0,00980392156862745;0,20016339869281;0;0;0;0;0;0;0;0;43,7162393335767;0;0;0;0,305882352941176;0;0;0;0;0;0;0;0;0;0;0;13,0800913783773;0;0;0;0;0;0;0;0;0;0,772277382290496;0;0;0;0;0;0;0;0;0;0,0382165605095541;0;0;0;0;4993,40498938429;0;0;0,120915032679739;0;0;0;0;0;0;0;0;0;0;0;0,0931372549019608;0;0;1040,96744515216;0;0;0;0;0;0;0;0;0;0;0;0;0,146496815286624;1,01380042462845;0;0;0;0;0;0;0;0;0;0;0;0;"19-GFKop-19";2,3;0;10;0;0;10;10;30;0
"19-GFKop-19A";0;0;0;0;0;0;0;0;0;0;0;0;0;0;0;0;0;0;0;0;0;0;0;0;0;0;0;0;0;0;0;0;0;0;0;0;0;20;0;0;0;0;0;0;0;0;0;0;0;0;0;0;0;0;0;0;0,24;0;0;0;0;0;218,8;0;0;4,16;0;0;0;0;0;0;0;0;0;0;0;0,44;0;0;587,2;0;0;0;0;0;0;0;0;0;0;0;0;0;4;0;0;0;0;0;0;0;0;0;0;0;0;"19-GFKop-19A";3;0;80;5;5;5;0;5;0
"19-GFKop-20";0;0;0;0;0;0;0;0;0;0;0;0;0;0;0;0;0;0;0;0;0;3,84713375796178;0;0;0;0;0;0;0;0;0;0;0;0;0;0;0;182,292993630573;0;0;0;0;0;0;0;0;0;8;0;0;0;0;0;0;0;0;0;0,0127388535031847;0;0;0;0;2466,11464968153;0;0;0;0;0;0;0;0;0;0;0;0;0;0;0;0;0;1761,65605095541;0;0;0;0;0;0;0;0;0;0;0;0;0,210191082802548;15,031847133758;0;0;0;0;0;0;0;0;0;0;0;0;"19-GFKop-20";2;0;10;5;5;5;40;5;0
"19-GFKop-21";0;0;0;0;0;0;0;0;0;0;0;0;0,21656050955414;0;0;0;0;0;0;0;0;8,22292993630573;0;0;0,0363636363636364;0,136942675159236;8,65856012352828;0;0;0;0;0;0;0;0;0;0;16,2111561474619;0;0;0;0;0;0;0;0;0,324975873383517;0;0;0;0;0;0;0;0;0;0;0;0;0;0;0;67,5657209033005;0;0;0,0573248407643312;0;0;0;0;0;0;0;0;0;0;0;12,8620343563019;0;0;4,72250530785563;0;0;0;0;0;0;0;0;0;0;0;0;0;0;8,47172360548157;0;0;0;0;0;0;0;0;0;0;0;"19-GFKop-21";4,5;0;20;0;0;10;50;5;0
"19-GFKop-24";0;0,0951167728237792;0;0;0;0;0;0;0;0;0;0,0421567175233299;0,248435787290772;0;0;0;0;0;0;0;0;0;0;0;0;0,0208333333333333;0;0;0;0;0;0;0;0;0;0;0;6,04185843201153;0;0;0;0;0;0;0;0;0;0,0101910828025478;0;0;0;0;0;0;0;0;0,208823384189997;0,01;0;0;0;0;198,537334701322;0;0;0,196857749469214;0;0;0;0;0;0;0;0;0;0;0;0,510196078431373;0;0;8,16723448378018;0;0;0;0;0;0;0;0;0;0;0;0;0;0;0;0;0;0;0;0;0;0;0;0;0;0;"19-GFKop-24";2,2;0;20;0;0;10;50;10;0
"19-GFKop-27";0;30,3061224489796;0;0;0;0;0;0;0;0;0;0,204081632653061;0,204081632653061;0;0;0;0;0;0;0;0;0;0;0;0;0;27,3469387755102;0;0;0;0;0;0;0;0;0;0;0;0;0;0;0;0;0;0;0;0;0;0;0;0;0;0;0;0;0;0;0;0;0;0;0;0;0;0;0;0;0;0;0;0;0;0;0;0;0;0;0;0;0;0;0;0;0;0;0;0;0;0;0;0;0;0;0;0;0;0;0;0;0;0;0;0;0;0;0;0;"19-GFKop-27";12,8;0;0;30;30;20;20;0;0
"19-GFKop-28";0;0;0;0;0;0;0;0;0;0;0;0,0870488322717622;0,216985138004246;0;0;0;0;0;0;0;0;32,3715498938429;0;0;0;0,0823779193205945;1,39235668789809;0;0;0;0;0;0;0;0;0;0;3,12781316348195;0;0;0;0;0;0;0;0;0,14692144373673;0;0;0;0;0;0;0;0;0;0;0;0;0;0;0;22,9783439490446;0;0;0,157112526539278;0;0;0;0;0;0;0;0;0;0;0;3,9932059447983;0;0;5,55031847133758;0;0;0;0;0;0;0;0;0;0;0;0;0,227176220806794;0;0;0,0367303609341826;0;0;0;0;0;0;0;0;0;0;"19-GFKop-28";5,5;0;10;0;0;50;10;30;0
"19-GFKopBa-1(2)";0;192;0;0;0;0;0;0;0;0;0;0;1,072;0;0;0,525;0;0;0;0;0;59,808;0;0;0;0,416;162,768;0;0;0;0;0;0;0;0;0;0;3,36;0;0;0;0;0;0;0;0;0,624;0;0;0;0;0;0;0;0;0;0;0;0;0;0;0;0;0;0;0,4;0;0;0;0;0;0;0;0;0;0;0;0;0;0;0;0,105;0;0;0;0;0;0;0;0;0;0;0;0;0;0;0;0,0128;0;0,42;0;0;0;0;0;0;0;"19-GFKopBa-1(2)";1;0;0;0;0;0;0;0;100
"19-GFKopBe-1";0;0;0;0;0;0;0;0;0;0;0;0;1,27024567788899;0;0;0;0,636942675159236;0;198,726114649682;0;0;0;0;0;0;0,127388535031847;0;0;0;0;0;0;0;0;0;0;0;0,0714285714285714;0;0;0;0;0;0;0;0;0;0;0;0;0;0;0;0;0;0;0;0;0;0;0;0;0;0;0;0,0875037913254474;0;0;0;0;0;0;0;0;0;0;0;0;0;0;0;0;0;0;0;0;0;0;0;0;0;0;0;0;0;0;0;0;0;0;7,14285714285714;0;0;0;0;0;0;"19-GFKopBe-1";0,5;0;0;10;10;10;60;0;10
"19-GFKur-3";0;544,232574850299;0;0;0;0;0;0;0;0;0;0;0,0241520958083832;0;0;9,38922155688623;0;0;0;0;0;5,329;0;0;0;0,211580838323353;44,1616766467066;0;0;0;0;0;0;0;0;0;0;0;0,0598802395209581;0;0;0;0;0;0;0;0,269461077844311;0;0;0,0179640718562874;0;0;0;0;0;0;0;0;0;0;0;0;0;0;0;0,00598802395209581;0;0;0;0;0;0;0;0;0;0;0;0,029940119760479;0;0;0;0,586826347305389;0;0;0;1,17365;0;0;0;0;0;0;0;0;0;0;0;0;0;0;0;0;0,587;0;0;0;0;"19-GFKur-3";9;0;0;20;20;0;50;10;0
"19-GFKur-7";0;308,832116788321;0;0;0;0;0;0;0;0;0;0;0,072992700729927;0;0;2,28;0;0;0;0;0;11,5328467153285;0;0;4,45255474452555;0;10,0729927007299;0;0;0;0;0;0;0;0;0;0;0;0;0;0;0;0;0;0;0;0,0072992700729927;0;0;0;0;0;0;0;0;0;0;0;0;0;0;0;0;0,0145985401459854;0;0,0437956204379562;0;0;0;0;0;0;0;0;0;0;0;0;0;0;0;29,43;0;0;0;0,981;0;0;0;0;0;0;0;0;0;0;0;0;0;0;0;0;0;0;0;0;0;"19-GFKur-7";7;0;0;90;0;0;0;5;5
"19-GFKur-8";0;2545,9756097561;0;0;0;0;6,09756097560976;0;0;0;0;0;0,0121951219512195;0;0;21,56;0;0;0;0;0;0;0;0;0;0,024390243902439;86,5853658536585;0;0;0;0;0;0;0;0;0;0;0;0;0;0,24390243902439;0;0;0;0;0;0,731707317073171;0;0;0;0;0;0;0;0;0;0;17,9268292682927;0;0;0;0;0;0;0;0;0;0;0;0;0;0;0;0;0;0;0;0;0;0;0;37,99;0;0;0;24,45;0;0;0;0;0;0;0;0;0;0;0;0;0;0;0;0;0;0;0;0;0;"19-GFKur-8";6;0;0;30;10;15;5;40;10
"19-GFLuDu-5a";0;0,0165719696969697;0;0;0;0;0;0;0;0;0;0,0484144455021418;6,39490778200857;0;0;0;653,409090909091;0;0;0;0;0;0;0;0,00928571428571429;0,00530785562632697;0,000952380952380952;0;0;0;0;0;0;0;0;0;0;5,48735383944154;0;0;0;0;0;0;0,0142045454545455;0;0,114702324290021;0;0;1,78666666666667;0;0;0;0;0;0;0;0,226380952380952;0;0;0;0,0466666666666667;0,019047619047619;0;0;0,490770461301629;0;0;0;0;0;0;0;0;0;0;0;0;0;0;0;0;0;0;8,9;0;0;0;0;0;0;0;0;0;1,69502617801047;0;0;0;0;0,00284090909090909;127,840909090909;0;0;0;0;0;0;"19-GFLuDu-5a";0,5;0;0;0;0;100;0;0;0
"19-GFLuVy-1";0;0;0;0;0;0;0;0;0;0;0;0;1,65520753756048;0;0;0;0;0;0;0;0;0;0;0;0;0,509294626941686;0;0;0;0;0;0;0;0;0;0;0;7,25744843391902;0;0;0;0;0;0;0;0;0;0;0;0;0;0;0;0;0;0;0;0;0;0;0;0;0;0;0;0,254647313470843;0;0;0;0;0;0;0;0;0;0;0;0;0;0;0;0;0;0;0;0;0;0;0;0;0;0;0;0;0;0;0;0;0;0;0;0;0;0;0;0;0;"19-GFLuVy-1";0,5;0;0;50;50;0;0;0;0
"19-GFMosh-1";0;21,0366666666667;0;0;0;0;0;0;0;0;0;0;0,01;0;0;0;0;0;0;0;0;0;0;0;0;0;24,54;0;0;0;0;0;0;0;0;0;0;0;0;0;0;0;0;0;0;0;0;0;0;0;0;0;0;0;0;0;0;0;0;0;0;0;0,08;0;0;0;0;0;0;0;0;0;0;0;0;0;0;0;0;0;0;0;0;0;0;0;0;0;0;0;0;0;0;0;0,82;0;0;0;0;0;0;0;0;0;0;0;0;"19-GFMosh-1";2,875;0;0;20;0;2,5;0;0;75
"19-GFNbGa-1";0;0,889830508474576;0;0;0;0;0;0;0;0;0;0;0,317931555651517;0;0;0;0;0;0;0;0;0;0;0;0;0,127388535031847;0;0;0;0;0;0;0;0;0;0;0;0;0;0;0;0;0;0;0;0;0;0;0;0;0;0;0;0;0;0;0;0;0;0;0;0;0;0;0;0;0;0;0;0;0;0;0;0;0;0;0;0,0847457627118644;0;0;0;0;0;0;0;0;0;0;0;0;0;0;0;0;0;0;0;0;0;0;0;0;0;0;0;0;0;"19-GFNbGa-1";0,5;0;20;15;15;15;15;10;10
"19-GFNKopBa-1(1)";0;0;0;0;0;0;0;0;0;0;0;0;0,0288;0;0;0;0;0;0;0;0;1,42;0;0;0;0;0;0;0;0;0;0;0;0;0;0;0;1,408;0;0;0;0;0;0;0;0;0,032;0;0;0;0;0;0;0;0;0;0;0;0;0;0;0;0;0;0;0,04;0;0;0;0;0;0;0;0;0;0;0;0;0;0;0;1,73333333333333;0;0;0,032;0;0;0;0;0;0;0;0;0;0;0;0;0;0;8,66666666666667;0;0;0;0;0;0;0;"19-GFNKopBa-1(1)";0,5;0;0;0;0;0;0;0;100
"19-GFNS1Po-1";0;0;0;0;0;0;0;0;0;0;0;0;0,708041252634749;0;0;0;0;0;0;0;0;0;0;0;0;0;181,775362216239;0;0;0;0;0;0;0;0;0;0;0;0;0;0;0;0;0;0;0;0;0;0;0;0;0;0;0;0;0;0;0,68;0;0;0;0;0;0;0;0,04;0;0;0;0;0;0;0;0;0;0;0;0,192901234567901;0;0;0;0;0;0;0;0;0;0;0;0;0;0;0;0,0101626016260163;0;0;0;0;0;0;0;0;0;0;0;0;0;"19-GFNS1Po-1";15;0;0;50;0;0;0;50;0
"19-GFNS1Po-2";0;1,97364341085271;0;0;0;0;0;0;0;0;0;0,04;0,0233333333333333;0;0;0;0;0;0;0;0;0;0;0;0;0;68,8100452196382;0;0;0;0;0;0;0;0;0;0;1,01182493540052;0;0;0;0;0;0;0;0;0,0594541343669251;0;0;0;0;0;0;0;0;0;0;0;0;0;0;0;0;0;0;0;0;0;0;0;0;0;0;0;0;0;0;0,493333333333333;0;0;0;0;0;0;0;0;0;0;0;0;0;0;0;0,0133333333333333;0;0;0;0;0;0;0;0;0;0;0;0;0;"19-GFNS1Po-2";17,5;0;0;0;0;0;0;95;0
"19-GFVb10";0;0,870098039215686;0;0;0;0;0;0;0;0;0;0,0203252032520325;0,178104575163399;0;0;0;0;0;0;0;0;0;0;0;0;0;180,093832474272;0;0;0;0;0;0;0;0;0;0;1,35638245197069;0;0;0;0;0,0203252032520325;0;0;0;0,0701783094776878;0;0;0;0;0;0;0;0;0;0;0;0;0;0;0;0;0;0;0,0123456790123457;0;0;0;0;0;0;0;0;0;0;0;0,0123456790123457;0;0;0;0;0;0;0;0;0;0;0;0;0;0;0;0;0,671927307508369;0;0;0;0;0;0;0;0;0;0;0;0;"19-GFVb10";13,9;0;0;0;0;0;0;50;50
"193";0;0;0;0;0;0;0;0;0,002;0;26;0,1;1,52;0;0;0;0;57,6;0;0;0;0;0;0;0;0;0,35;0;0;0;0;0;0;0;0;0;0;0;0;0;0;0;0;0;0;0;0;0;0;0;0;0;0;0;0;0;0;0;0;0;0;0;0;0;0;0,02;0;0;0;0;0;0;0;0;0;0;0;0;0;0;0;0;0;0,5;0;0;0;0;0;0;0;0;0;0;0;0;0;0;0;0;0;0;0;0;0;0;0;"193";0,9;0;0;15;15;15;5;30;20
"194";0,005;0;0;0;0;0;0;0;0;0;0;0,52;1,1;0;0;0;0;151;0;0;0;0;0;0;0;0;4,2;0;0;0;0;0;0;0;0;0;0;0;0;0;0;0;0;0;0;0;0;0;0;0;0;0;0;0;0;0;0;0,02;0;0;0;0,7;0;0;0;0,25;0;0;0;0;0;0;0;0;0;0;0;0;0;0;0;0;0;0,75;0;0;0;0;0;0;0;0;0;0;0;0;0;0;0;0;1,5;0;0;0;0;0;0;"194";0,5;0;0;80;0;0;0;10;10
"196";0;0;0;0;0;0;0;0;0;0;0;7,06746031746032;2,56746031746032;0;0;0;0,05;197,396825396825;0;0;0;0;0;0;0;0,299206349206349;13,3809523809524;0;0;0;0;0;0;0;0;0,4;0,0793650793650794;0;0;0;0;0;0;0;0,129365079365079;0;0,0396825396825397;0;0;0;0;0;0;0;0;0;0;0;0;0;0;0;0;0;0;0,149206349206349;0;0;0;0;0;0;0;0;0;0;0;0,815873015873016;0;0;4,24206349206349;0;0;0,0595238095238095;0;0;0,0595238095238095;0;0;0;0;0;0;0;3,13492063492063;0;0,05;0;0;0;0;0;0;0;0;0;0;"196";1;0;0;0;0;0;20;60;20
"197";0;0;0;0;0;0;0;0;0,04;0;3,2;0,0522549019607843;0,25156862745098;0;0;4;0,4;21,0084033613445;0;0;0;0;0;0;0;0;0,300588235294118;0;0;0;0;0;0;0;0;0,0245098039215686;0;0;0;0;0;0;0;0;0;0;0;0;0;0;0;0;0;0;0;0;0;0;0;0;0;0;0;0;0;0,0245098039215686;0;0;0;0;0;0;0;0;0;0;0;0;0;0;0;0;0;1,81008403361345;0;0;0,0540056022408964;0;0;0;0;0;0;0;11,0670588235294;0;0;0;0;0;0;0;0;0;0;0;0;"197";1;0;0;0;0;0;35;45;20
"198";0;2,96296296296296;0;0;0;0;0;0;0;0;0;3,6962962962963;6,3037037037037;0;0;333,333333333333;0;350;0;0;0;0;0;0;0;0;34,1925925925926;0;0;0;0;0;0;0;0;0,185185185185185;2,96296296296296;0;0;0;0;0;0;0;0;0;0;0;0;0;0;0;0;0;0;0;0;0;0;0;0;0;0;0;0;0,622222222222222;0;0;0;0;0;0;0;0;0;0;0;0;0;0;0;0;0;0,333333333333333;0;0;0;0;0;0;0;0;0;0;0;0;0;0;0;0;0;0;0;0;0;0;0;"198";0,9;0;0;0;5;10;15;60;10
"20";0;1466,98;0;0;0;0;0;0;0;0;0;0;0;0;0;0;0;0;0;0;0;0;0;0;0;0;0;0;0;0;0;0,3;0;0;0;0;0;0;0;0;0;0;0;0;0;0;0;0;0;0;0;0;0;0;0;0;0;0;0;0;0;0;0;0;0;0;0;0;0;0;0;0;0;0;0;0;0;0;0;0;0;0;0;0;0;0;0;0;0;0;0;0;0;0;0;0;0;0;0;0;0;0;0;0;0;0;0;"20";6;0;0;50;0;0;30;15;5
"20-GFKovRi-1";0;0;0;0;0;0;0;0;0;0,002;0;0;0,032;0;0;8,08;0;0;0;0,004;0;0;0;0;0;0;0;0;0;0;0,064;0;0;0;0;0;0;0;0;0;0;0;0;0;0;0;0;0;0;0;0;0;0;0;0;0;0;0;0;0;0;0;0;0;0;0,008;0;0;0;0;0;0;0;0;0;0,012;0;0;0;0;0;0;0;0;0;0;0;0;0;0;0;0;0;0;0;0;0,0016;0;0;0;0;0,034;0;0;0;0;0;"20-GFKovRi-1";2;0;10;60;35;0;5;0;0
"20-GFLuNa-1";0;0;0;0;0;0;1,7;0;0;0;0;0;1,1;0;0;0;0;0;0;0;0;3;0;0;0;0;0;0;0;0;0;0;0;0;0;0;0;0;0;0;0;0;0;0;0;0;0;0;0;0;0;0;0;0;116,48;23,296;0;0;0;0;0;0;0;0;0;0,16;0;0;0;0;0;0;0;0;0;0;0;0;0;0,4;0;11,65;0;0;0;0;0;0;0;0;0;0;0;0;0;0;0;0;0;0;0;0;11,65;0;0;0;0;"20-GFLuNa-1";0,5;0;0;0;30;0;30;30;10
"20-GFLuRi-2";0;0;0;0;0;0;0;0;0;0;0;0;0,072;0;0;1,48;0;0;0;0;0;0,02;0;0;0;0;0;0;0;0;0;0;0;0;0;0;0;0;0;0;0;0;0;0;0;0;0;0;0;0;0;0;0;0;0;0;0;0,016;0;0;0;0;0;0;0;0;0;0;0;0;0;0;0;0;0;0;0;0;0;0;0;0;0;0;0;0;0;0;0;0;0;0;0;0;0;0;0;0;0;0;0;0;0;0;0;0;0;"20-GFLuRi-2";3;5;5;40;50;0;0;0;0
"20-GFSisRi-1";0;0;0;0;0;0;0;0;0;0,0012;0;0;1,44;0;0;13,4;0;0;0;0,12;0;0;0;0;0;0;0;0;0;0;0,048;0;0;0;0;0;0;0;0;0;0;0;0;0;0,12;0;0;0;0;0;0;0;0;0;0;0;0;0;0;0;0;0;0;0;0;0,2;0;0;0;0;0;0;0;0;0;0,02;0,16;0;0;0;0;0;0;0;0;0;0;0;0,4;0;0;0;0;0;0;0;0;0;0;0;0;0;0;0;0;0;0;"20-GFSisRi-1";1,2;0;50;10;20;20;0;0;0
"20-GFVybRi-1";0;0;0;0;0;0;4,08;0;0;0;0;0;0,88;0;0;32,88;0;0;0;0;0;18,56;0;0;0;0;0;0;0;0;0;0;0;0;0;0;0;1,4;0;0;0;0;0;0;0;0;0;0;0;0;0;0;0;0;18,24;0;0;0;0;0;0;0;0;0;0;0,64;0;0;0;0;0;0;0;0;0;0;0;0;0;0;0;10,34;0;0;0;0;0;0;0,004;0;0;0;0;0;0;0;0;0;0;0;0;0;0;0;0;0;0;"20-GFVybRi-1";1;0;0;0;90;0;5;5;0
"20-GFVybRi-2";0;0;0;0;0;0;44,68;0;0;0;0;0;1,4;0;0;4,08;0;0;0;0;0;43,28;0;0;0;0;0;0;0;0;0;0;0;0;0;0;0;7,24;0;0;0;0;0;0;0;0;0;0;0;0;0;0;0;0;0;0;0;0;0;0;0;0;0;0;0;0,28;0;0;0;0;0;0;0;0;0;0;0;1,64;0;0;0;0;0;0;0;0;0;0;0,001;0;0;0;0;0;0;0;0;0;0;0;0;0;0;0;399,48;0;0;"20-GFVybRi-2";1;0;0;0;90;0;5;5;0
"21";0;95,9340659340659;0;0;0;0;0;0;0;0;0;0;0;0;0;0;0;0;0;0;0;0;0;0;0;0;0,02;0;0;0;0;0;0;0;0;0;0;0;0;0;0;0;0;0;0;0;0;0;0;2,04;0;0;0,06;0;0;0;0;0,0483333333333333;0;0;0;0;0;0;0;0,02;0;0;0;0;0;0;0;0;0;0;0;0;0;0;0;0;0;0;0;0;0;0;0;0;0;0;0;0;0;0;0;0;0,02;0;0;0;0;0;0;0;0;"21";11;0;0;0;0;80;20;0;0
"21-GFLiLi-1";0;0;0;0,06;0;0;0;0;0;0;0;0,22;8,06;0;0;0;0;270;0;0;0;0;0;0;0;0;0,16;0;0;0;0;0;0;0;0;0;2,56;0;0;0;0;0;0;0;0;0;0;0;0;0;0;0;0;0;0;0;0;0;0;0;0;0;0;0;0;0,04;0;0;0;0;0;0;0;0;0;0;0;0;0;0;0;0;0;0;0;0;0;0;0;0;0;0;0;0;0;0;0;0;0;2,5;0;0;0;0;0;0;0;"21-GFLiLi-1";0,6;0;0;10;20;30;30;0;10
"21-GFLuLu-1";0,02;0;0;0;0;0;0;0;0,06;0;5,94;0;0,2;0;0;0;0;7,6;0;0;0;0;0;0;0;0;1,76;0;0;0;0;0;0;0;0;0,04;0;0;0;0;0;0;0;0;0;0;0;0;0;0;0;0;0;0;0;0;0;0;0;0;0;0;0;0;0;0;0;0;13,4;0;20,4;0;0;0;0;0;0;0;0;0;9,14;0;0;0,02;0;0;0;0;0;0;0;0;0;0;0;0;0;0;0;7;0;0;0;0;0;0;0;"21-GFLuLu-1";0,7;0;0;90;0;0;0;0;10
"21-GFLuLu-2_A";0;3,2;0;0;0;0;0;0;0;0;0;15,8;1,5;0;0;0;0;0;0;0;0;0;0;0;0;0;42,7;0;0;0;0;0;0;0;0;0;1,7;0;0;0;0;0;0;0;0;0;0,1;0;0;0;0;0;0;0;0;0;0;0;0;0;0;0;0;0;0;0,1;0;0;0;0;0;0;0;0;0;0;0;0;0;0;0;0;0;9,7;0;0;1,9;0;0;0;0;0;0;0;0;0;0;0;0;1944;0;0;0;0;0;0;0;"21-GFLuLu-2_A";0,6;0;0;70;5;5;0;0;20
"21-GFLuLu-2_B";0;0;0;0,12;0;0;0;0;0;0,04;0;0;0,64;0;0;92;0;0;0;0;0;0;0;0;0;0,16;0,16;0;0;0;0;0;0;12;0;0;0;0;0;0;0;0;0;0;0;0;0;0;0;0;0;0;0;0;0;0;0;0;0;0;0;0;0;0;0;0,12;0;0;0;0;0;0;0;0;0;0;0;0;0;0;0;0;0;0,4;0;0;0,4;0;0;0;0;0;0;0;0;0;0;0;0;0,4;0;0;0;0;0;0;0;"21-GFLuLu-2_B";0,6;0;0;70;5;5;0;0;20
"21-GFLuNa-4";0;0;0;0;0;0;0;0;0;0;0;0;0;0;0;0;0;0;0;0;0;0;0;0;0;0,16;0,04;0;0;0;0;0;0;0;0;0;0;0;0;0;0;0;0;0;0;0;0;0;0;0;0;0;0;0;0;0;0;0;0;0;0;0;0;0;0;0;0;0;0;0;0;0;0;0;0;0;0;0;0;0;0;0;0;0;0;0;0;0;0;0;0;0;0;0;0;0;0;0;0;0;0;0;0;0;0;0;0;"21-GFLuNa-4";0,6;0;0;100;0;0;0;0;0
"21-GFLuRi-8";0;0;0;0;0;0;0;0;0;0;0;0,04;0,96;0;0;10;0;0;0;0;0;0;0;0;0;0;0;0;0;0;0;0;0;0;0;0,16;0;0;0;0;0;0;0;0;0;0;0;0;0;0;0;0;0;0;0;0;0;0;0;0;0;0;0;0;0;1,72;0;0;0;168;0;0;0,28;0;0;0;0;0;0;0;0;0;0;0;0;0;0;0;0;0;0;0;0;0;0;0;0;0;0;0;0;0;0;0;0;0;0;"21-GFLuRi-8";0,3;0;0;100;0;0;0;0;0
"21-GFLuzRi-1";0;0;0;0;0;0;0;0;0;0;0;0;0,08;0;0;0;0;0;0;0;0;0;0;0;0;0,4;0;0;0;0;0;0;0;0;0;0;0;0;0;0;0;0;0;0;0;0;0;0;0;0;0;0;0;0;0;0;0;0;0;0;0;0;0;0;0;7,04;0;0;0;0;0;0;0;0;0;0;0;0;0;0;0;0;0;0;0;0;0;0;0;0;0;0;0;0;0;0;0;0;0;0;0;0;0;0;0;0;0;"21-GFLuzRi-1";0,8;0;0;100;0;0;0;0;0
"21-GFLuzRi-2";0;0;0;0;0;0;0;0;0;0;0;0;0,08;0;0;0;0;0;0;0,36;0;0;0;0;0;0;0;0;0;0;0,04;0;0;0;0;0;0;0;0;0;0;0;0;0;0;0;0;0;0;0;0;0;0;0;0;0;0;0;0;0;0;0;0;0;0;7,28;0;0;0;0;0;0;0;0;0;0;0;0;0;0;0;0;0;0;0;0;0;0;0;0;0;0;0;0;0;0;0;0;0;0;0;0;0;0;0;0;0;"21-GFLuzRi-2";0,45;0;0;100;0;0;0;0;0
"21-GFLuzRi-3";0;0;0;0;0;0;0;0;0;0;0;0;0,32;0;0;0;0;0;0;0;0;0;0;0;0;0;0;0;0;0;0;0;0;0;0;0;0;0;0;0;0;0;0;0;0;0;0;0;0;0;0;0;0;0;0;0;0;0;0;0;0;0;0;0;0;1,2;0;0;0;0;0;0;0;0;0;0;0;0;0;0;0;0;0;0;0;0;0;0;0;0;0;0;0;0;0;0;0;0;0;0;0;0;0;0;0;0;0;"21-GFLuzRi-3";0,6;0;0;100;0;0;0;0;0
"21-GFLuzRi-4";0;0;0;0;0;0;0;0;0;0;0;0;0,64;0;0;64;0;0;0;0;0;0;0;0;0;0;0,04;0;0;0;0;0;0;0;0;0,6;1,16;0;0;0;0;0;0;0;0;0;0;0;0;0;0;0;0;0;0;0;0;0;0;0;0;0;0;0;0;0,56;0;0;0;0;43,6;0;0;0;0;0;0;0;0;0;2,36;0;0;0;0;0;0;0;0;0;0;0;0;0;0;0;0,2;0;0;0;0;0;0;0;0;0;0;"21-GFLuzRi-4";0,3;0;0;100;0;0;0;0;0
"21-ПМ-10";0;0;0;0;0;0;0;0;0;0;0;0;2,92;0;0;0;0;0;0;0;0;0;0;0;0;0;0;0;0;0;0;0;0;0;0;0;0;0;0;0;0;0;0;0;0;0;0;0;0;0;0;0;0;0;0;0;0;0;0;0;0;0;0;0;0;0,6;0;0;0;0;0;0;0;0;0;0;0;0;0;0;0;0;0;0;0;0;0;0;0;0;0;0;0;0;0;0;0;0;0;0;0;0;0;0;0;0;0;"21-ПМ-10";3,9;95;0;5;0;0;0;0;0
"21-ПМ-11";0;0;0;0;0;0;0;0;0;0;0;0;2,68;0;0;0;0;0;0;0;0;0;0;0;0;0;0;0;0;0;0;0;0;0;0;0;0;0;0;0;0;0;0;0;0;0;0;0;0;0;0;0;0;0;0;0;0;0;0;0;0;0;0;0;0;0,24;0;0;0;0;0;0;0;0;0;0;0;0;0;0;0;0;0;0;0;0;0;0;0;0;0;0;0;0;0;0;0;0;0;0;0;0;0;0;0;0;0;"21-ПМ-11";5,5;100;0;0;0;0;0;0;0
"21-ПМ-12";0;0;0;0;0;0;0;0;0;0;0;0;0,12;0;0;0;0;0;0;0;0;0;0;0;0;0;0;0;0;0;0;0;0;0;0;0;0;0;0;0;0;0;0;0;0;0;0;0;0;0;0;0;0;0;0;0;0;0;0;0;0;0;0;0;0;0,12;0;0;0;0;0;0,08;0;0;0;0;0;0;0;0;0;0;0;0;0;0;0;0;0;0;0;0;0;0;0;0;0;0;0;0;0;133,6;0;0;0;0;0;"21-ПМ-12";4,2;5;25;30;20;20;0;0;0
"21-ПМ-14";0;0;0;0;0;0;0;0;0;0;0;0;0,08;0;0;0;0;0;0;0;0;0;0;0;0;0;0;0;0;0;0;0;0;0;0;0;0;0;0;0;0;0;0;0;0;0;0;0;0;0;0;0;0;0;0;0;0;0;0;0;0;0;0;0;0;0,08;0;0;0;0;0;0;0;0;0;0;0;0;0;0;0;0;0;0;0;0;0;0;0;0;0;0;0;0;0;0;0;0;0;0;0;0;0;0;0;0;0;"21-ПМ-14";2,8;0;40;60;0;0;0;0;0
"21-ПМ-15";0;0;0;0;0;0;0;0;0;0;0;0;0,08;0;0;0;0;0;0;0;0;0;0;0;0;0;0;0;0;0;0;0;0;0;0;0;0;0;0;0;0;0;0;0;0;0;0;0;0;0;0;0;0;0;0;0;0;0;0;0;0;0;0;0;0;0,48;0;0;0;0;0;0;0;0;0;0;0;0;0;0;0;0;0;0;0;0;0;0;0;0;0;0;0;0;0;0;0;0;0;0;0;0;0;0;0;0;0;"21-ПМ-15";5,1;95;0;5;0;0;0;0;0
"21-ПМ-16";0;0;0;0;0;0;0;0;0;0;0;0;0,12;0;0;0;0;0;0;0;0;0;0;0;0;0;0;0;0;0;0;0;0;0;0;0;0;0;0;0;0;0;0;0;0;0;0;0;0;0;0;0;0;0;0;0;0;0;0;0;0;0;0;0;0;0,2;0;0;0;0;0;0,12;0;0;0;0;0;0;0;0;0;0;0;0;0;0;0;0;0;0;0;0;0;0;0;0;0;0;0;0;0;0;0;0;0;0;0;"21-ПМ-16";4;0;0;100;0;0;0;0;0
"21-ПМ-17";0;0;0;0;0;0;0;0;0;0;0;0;0,08;0;0;0;0;0;0;0;0;0;0;0;0;0;0;0;0;0;0;0;0;0;0;0;0;0;0;0;0;0;0;0;0;0;0;0;0;0;0;0;0;0;0;0;0;0;0;0;0;0;0;0;0;0,4;0;0;0;0;0;0;0;0;0;0;0;0;0;0;0;0;0;0;0;0;0;0;0;0;0;0;0;0;0;0;0;0;0;0;0;0;0;0,12;0;0;0;"21-ПМ-17";7,8;95;0;5;0;0;0;0;0
"21-ПМ-18";0;0;0;0;0;0;0;0;0;0;0;0;0,72;0;0;0;0;0;0;0;0;0;0;0;0;0;0;0;0;0;0;0;0;0;0;0;0;0;0;0;0;0;0;0;0;0;0;0;0;0;0;0;0;0;0;0;0;0;0;0;0;0;0;0;0;0,04;0;0;0;0;0;0,04;0;0;0;0;0;0;0;0;0;0;0;0;0;0;0;0;0;0;0;0;0;0;0;0;0;0;0;0;0;0;0;0;0;0;0;"21-ПМ-18";3,9;95;0;4;0;0;1;0;0
"21-ПМ-2";0;0;0;0;0;0;0;0;0;0;0;0;0,08;0;0;0;0;0;0;0;0;0;0;0;0;0;0;0;0;0;0;0;0;0;0;0;0;0;0;0;0;0;0;0;0;0;0;0;0;0;0;0;0;0;0;0;0;0;0;0;0;0;0;0;0;1,36;0;0;0;0;0;0;0;0;0;0;0;0;0;0;0;0;0;0;0;0;0;0;0;0;0;0;0;0;0;0;0;0;0;0;0;0;0;0;0;0;0;"21-ПМ-2";5;0;30;70;0;0;0;0;0
"21-ПМ-5";0;0;0;0;0;0;0;0;0;0;0;0;0,16;0;0;0;0;0;0;0;0;0;0;0;0;0;0;0;0;0;0;0;0;0;0;0;0;0;0;0;0;0;0;0;0;0;0;0;0;0;0;0;0;0;0;0;0;0;0;0;0;0;0;0;0;0,16;0;0;0;0;0;0,04;0;0;0;0;0;0;0;0;0;0;0;0;0;0;0;0;0;0;0;0;0;0;0;0;0;0;0;0;0;0;0;0;0;0;0;"21-ПМ-5";5,4;70;0;30;0;0;0;0;0
"21-ПМ-6";0;0;0;0;0;0;0;0;0;0;0;0;0,4;0;0;0;0;0;0;0;0;0;0;0;0;0;0;0;0;0;0;0;0;0;0;0;0;0;0;0;0;0;0;0;0;0;0;0;0;0;0;0;0;0;0;0;0;0;0;0;0;0;0;0;0;0,04;0;0;0;0;0;0;0;0;0;0;0;0;0;0;0;0;0;0;0;0;0;0;0;0;0;0;0;0;0;0;0;0;0;0;0;0;0;0;0;0;0;"21-ПМ-6";2,5;0;10;85;0;0;5;0;0
"21-ПМ-7";0;0;0;0;0;0;0;0;0;0;0;0;0,2;0;0;0;0;0;0;0;0;0;0;0;0;0;0;0;0;0;0;0;0;0;0;0;0;0;0;0;0;0;0;0;0;0;0;0;0;0;0;0;0;0;0;0;0;0;0;0;0;0;0;0;0;0,64;0;0;0;0;0;0,12;0;0;0;0;0;0;0;0;0;0;0;0;0;0;0;0;0;0;0;0;0;0;0;0;0;0;0;0;0;0;0;0;0;0;0;"21-ПМ-7";3;5;5;90;0;0;0;0;0
"21-ПМ-8";0;0;0;0;0;0;0;0;0;0;0;0;0,36;0;0;0;0;0;0;0;0;0;0;0;0;0;0;0;0;0;0;0;0;0;0;0;0;0;0;0;0;0;0;0;0;0;0;0;0;0;0;0;0;0;0;0;0;0;0;0;0;0;0;0;0;0,2;0;0;0;0;0;0,08;0;0;0;0;0;0;0;0;0;0;0;0;0;0;0;0;0;0;0;0;0;0;0;0;0;0;0;0;0;0;0;0;0;0;0;"21-ПМ-8";3,9;95;0;5;0;0;0;0;0
"21-ПМ-9";0;0;0;0;0;0;0;0;0;0;0;0;0,16;0;0;0;0;0;0;0;0;0;0;0;0;0;0;0;0;0;0;0;0;0;0;0;0;0;0;0;0;0;0;0;0;0;0;0;0;0;0;0;0;0;0;0;0;0;0;0;0;0;0;0;0;0,48;0;0;0;0;0;0;0;0;0;0;0;0;0;0;0;0;0;0;0;0;0;0;0;0;0;0;0;0;0;0;0;0;0;0;0;0;0;0;0;0;0;"21-ПМ-9";5,1;95;0;5;0;0;0;0;0
"26";0;152,73;0;0;0;0;0;0;0;0;0;0;0;0;0;0;0;0;0;0;0;0;0;0;0;0;0,92;0;0;0;0;0;0;0;0;0;0;0;0;0;0;0;0;0;0;0;0;0;0;141,45;0;0;0;0;0;0;0;1,34;0;0;0;0;0;0;0;0;0;0;0;0;0;0;0;0;0;0;0;0;0;0;0;0;0;0;0;0;0;0;0;0;0;0;0;0;0;0;0;0;0,18;0;0;0;0;0;0;0;0;"26";6;0;0;0;0;0;50;30;20
"30_A";0;28,14;0;0;0;0;0;0;0;0;0;0;0;0;0;0;0;0;0;0;0;0;0;0;0;0;20,8;0;0;0;0;0;0;0;0;0,4;0;0;0;0;0;0;0;0;0;0;0;0;0;0;0;0;0;0;0;0;0;0;0;0;0;0;3,5;0;0;0,2;0;0;0;0;0;0;0;0;0;0;0;1,3;0;0;12,2;0;0;2,9;0;0;0;0;0;0;0;0;0;0;0;0;0;0;0;0;0;0;0;0;0;0;0;"30_A";6;0;0;0;0;80;20;0;0
"30_B";0;586,528148148148;0;0;0;0;0;0;0;0;0;0;0,0333333333333333;0;0;0;0;0;0;0;0;0;0;0;0,0166666666666667;0;2,45873015873016;0;0;0;0;0;0;0;0;0;0;0;0;0;0;0;0;0;0;0;0;0;0;0;0;0;0;0;0;0;0;0,16;0;0;0;0;0;0;0;0;0;0;0;0;0;0;0;0;0;0;0;0;0;0;0;0;0;0;0;0;0;0;0;0;0;0;0;0;0;0;0;0;0;0;0;0;0;0;0;0;0;"30_B";6;0;0;0;0;30;16,6666666666667;26,6666666666667;26,6666666666667
"300";0;0,24;0;0;0;0;0;0;0;0;0;0,04;0;0;0;0;0;0;0;0;0;0;0;0;0;0;0,04;0;0;0;0;0;0;0;0;0;1,12;0;0;0;0;0;0;0;0;0;0;0;0;0;0;0;0;0;0;0;0;0;0;0;0;0;0;0;0;0;0;0;0;0;0;0;0;0;0;0;0;0;0;0;0;0;0;0;0;0;0;0;0;0;0;0;0;0;0;0;0;0;0;0;0;0;0;0;0;0;0;"300";0,7;0;0;100;0;0;0;0;0
"305";0;0;0;0;0;0;0;0;0;0;0;0;0,04;0;0;0;0;0;0;0;0;0;0;0;0;0,02;0;0;0;0;0;0;0;0;0;0;0;0;0;0;0;0;0;0;0;0;0;0;0;0;0;0;0;0;0;0;0;0;0;0;0;0;0;0;0;0;0;0;0;0;0;0;0;0;0;0;0;0;0;0;0;0;0;0;0;0;0;0;0;0;0;0;0;0;0;0;0;0;0;0;0;0;0;0;0;0;0;"305";0,8;0;0;100;0;0;0;0;0
"31";0;39,2857142857143;0;0;0;0;0;0;0;0;0;0;0;0;0;0;0;8,92857142857143;0;0;0;0;0;0;0;0;0;0;0;0;0;0;0;0;0;0;0;0;0;0;0;0;0;0;0;0;0;0;0;0;0;0;0;0;0;0;0;0;0;0;0;0;0;0;0;0;0;0;0;0;0;0;0;0;0;0;0;0;0;0;0;0;0;0;0;0;0;0;0;0;0;0;0;0;0;0;0;0;0;0;0;0;0;0;0;0;0;"31";5;0;0;20;15;15;10;20;20
"32";0;375,079365079365;0;0;0;0;0;0;0;0;0;0;0;0;0;0,158730158730159;0;0;0;0;0;0;0;0;0,317460317460317;0;38,7734487734488;0;0;0;0;0;0;0;0;0;0;0;0;0;0;0;0;0;0;0;0;0;0;0;0;0;0;0;0;0;0;0;0;0;0;0;0;0;0;0;0;0;0;0;0;0;0;0;0;0;0;0;0;0;0;0;0;0;0;0;0;0;0;0;0;0;0;0;0;0;0;0;0;0;0;0;0;0;0;0;0;"32";6;0;0;75;0;0;10;5;10
"33";0;131,474404340646;0;0;0;0;0;0;0;0;0;0,0424628450106157;0,185185185185185;0;0;0;0,793650793650794;0;0;0;0;0;0;0;0;0;0,158730158730159;0;0;0;0;0;0;0;0;0;0;0;0;0;0;0;0;0;0;0;0;0;0;0;0;0;0;0;0;0;0;0;0;0;0;0;0;0;0;0;0;0;0;0;0;0;0;0;0;0;0;0;0;0;0;0;0;0,00793650793650794;0;0;0,150793650793651;0;0;0;0;0;0;0;0;0;0;0;0;0;0;0;0;0;0;0;0;"33";5;0;0;5;10;25;10;20;30
"34_B";0;89;0;0;0;0;0;0;0;0;0;0;0;0;0;0;0;0;0;0;0;0;0;0;0;0;0,6;0;0;0;0;0;0;0;0;0;0;0;0;0;0;0;0;0;0;0;0;0;0;0;0;0;0;0;0;0;0;0;0;0;0;0;0;0;0;0;0;0;0;0;0;0;0;0;0;0;0;0;0;0;0,2;0;0;0;0;0;0;0;0;0;0;0;0;0;0;0;0;0;0;0;0;0;0;0;0;0;0;"34_B";9,5;0;0;0;0;5;90;0;5
"36_A";0;0;0;0;0;0;0;0;0;0;0;0,1;0;0;0;0;0;0;0;0;0;0;0;0;0;0;0,04;0;0;0;0;0;0;0;0;0;0;0;0;0;0;0;0;0;0;0;0;0;0;0;0;0;0;0;0;0;0;0;0;0;0;0;0;0;0;0;0;0;0;0;0;0;0;0;0;0;0;0;0;0;0;0;0;0;0;0;0;0;0;0;0;0;0;0;0;0;0;0;0;0;0;0;0;0;0;0;0;"36_A";3,5;0;0;10;20;20;30;10;10
"36_B";0;1,83467023172906;0;0;0;0;0;0;0;0;0;0,2;0,0461229946524064;0;0;0;0;0;0;0;0;0,118983957219251;0;0;0;0;19,3469518716578;0;0;0;0;0;0;0;0;0;0;0,375;0;0;0;0;0;0;0,0842245989304813;0;0,0922459893048128;0;0;1,6;0;0;0,0666666666666667;0;0;0;0,00583333333333333;0,0333333333333333;0;0;0;0,00445632798573975;0;0,075;0;0,12945632798574;0,0366666666666667;0;0;0;0;0;0;0;0;0;0;0,138368983957219;0;0;0,129233511586453;0;0;0;0;0;0;0;0;0;0;0;0,000666666666666667;0;0;0;0;0;0;0;0;0;0;0;0;0;0;"36_B";3,5;0;0;30;20;0;0;40;10
"45";0;242,784090909091;0;0;0;0;0;0;0;0;0;0;0;0;0;0;0;0;0;0;0;0;0;0;0;0;0,113636363636364;0;0;0;0;0;0;0;0;0,115;0;0;0;0;0;0;0;0;0;0;0;0;0;0;0;0;0;0;0;0;0;1,54681818181818;0;0;0;0;0;0;0;0;0;0;0;0;0;0;0;0;0;0;0;0;0;0;0;0;0;0;0;0;0;0;0;0;0;0;0;0;0;0;0;0;0;0;0;0;0;0;0;0;0;"45";13,5;0;0;20;30;30;20;0;0
"48";0;5,82010582010582;0;0;0;0;0;0;0;0;0;0,0529100529100529;0;0;0;0;0;0;0;0;0;0;0;0;0;0;1,64021164021164;0;0;0;0;0;0;0;0;0;0;0;0;0;0;0;0;0;0;0;0;0;0;0;0;0;0;0;0;0;0;0;0;0;0;0;0;0;0;0;0;0;0;0;0;0;0;0;0;0;0;0;0;0;0;0;0;0;0;0;0;0;0;0;0;0;0;0;0;0;0;0;0;0;0;0;0;0;0;0;0;"48";4;0;0;50;0;0;10;30;10
"5";0;34,8529411764706;0;0;0;0;0;0;0;0;0;0;0;0;0;0;0;0;0;0;0;0;0;0;0;0;0,0176470588235294;0;0;0;0;0;0;0;0;0,02;0;0;0;0;0;0;0;0;0;0;0;0;0;0;0;0;0;0;0;0;0;0,97;0,00882352941176471;0;0;0;0;0;0;0;0;0;0;0;0;0;0;0;0;0;0;0;0;0;0;0;0;0;0;0;0;0;0;0;0;0;0;0;0;0;0;0;0;0;0;0;0;0;0;0;0;"5";12;0;0;25;0;40;12,5;17,5;5
"54";0;588,71;0;0;0;0;0;0;0;0;0;0;0;0;0;0;0;0;0;0;0;0;0;0;0;0;0,06;0;0;0;0;0;0;0;0;0;0;0;0;0;0;0;0;0;0;0;0;0;0;83,15;0;0;0,2;0;0;0;0;0,05;0;0;0;0;0;0;0;0;0;0;0;0;0;0;0;0;0;0;0;0;0;0;0;0;0;0;0;0;0;0;0;0;0;0;0;0;0;0;0;0;0;0;0;0;0;0;0;0;0;"54";9,5;0;0;0;0;70;25;5;0
"55";0;54;0;0;0;0;0;0;0;0;0;0;0;0;0;0;0;0;0;0;0;0;0;0;0;0;0,08;0;0;0;0;0;0;0;0;0;0;0;0;0;0;0;0;0;0;0;0;0;0;0;0;0;0;0;0;0;0;0,24;0;0;0;0,24;0;0;0;0,04;0;0;0;0;0;0;0;0;0;0;0;0;0;0;0;0;0;0;0;0;0;0;0;0;0;0;0;0;0;0;0;0;0;0;0;0;0;0;0;0;0;"55";7,5;0;0;0;0;10;20;65;5
"56";0;603,662165605096;0;0;0;0;0;0;0;0;0;0;0,0636942675159236;0;0;0;0;0;0;0;0;0;0;0;0;0;143,43949044586;0;0;0;0;0;0;0;0;0;0;0;0;0;0;0;0;0;0;0;0;0;0;2,66;0;0;0;0;0;0;0;0;0;0;0;0;0;0;0;0,0636942675159236;0;0;0;0;0;0;0;0;0;0;0;2,29299363057325;0;0,0636942675159236;0;0;0;0;0;0;0;0;0;0;0;0;0;0;0;0;0;0;0;0;0;0;0;0;0;0;0;"56";4;0;10;0;0;80;20;0;0
"58_A";0;662;0;0;0;0;0;0;0;0;0;0,4;0,05;0;0;25;0;0;0;0;0;0;0;0;0;0;8,1;0;0;0;0;0;0;0;0;0;0,5;0;0;0;0;0;0;0;0;0;0;0;0;0;0;0;0;0;0;0;0;0;0;0;0;0;0;0;0;0,05;0;0;0;0;0;0;0;0;0;0;0;0;0;0;0;0;0;0;0;0;0;0;0;0;0;0;0;0;0;0;0;0;0;0;0;0;0;0;0;0;0;"58_A";3;0;0;0;95;0;0;5;0
"59";0;337,2;0;0;0;0;0;0;17,1816666666667;0;0;0;0,0333333333333333;0;0;0;271,95;0,166666666666667;0;0;0;0;0;0;0;0,05;9,81666666666667;0;0;0;0;0;0;5;0;0;2,51666666666667;0;0;0;0;0;0;0;0;0;0;0;0;0;0;0;0;0;0;0;0;0;0;0;0;0;0,1;0;0;0,025;0;0;0;0;0;0;0;0;0;0;0;0;0;0;0,116666666666667;0;0;0,515;0;0;0,166666666666667;0;0;0;0;0;0;0;0,0666666666666667;0;3,4;0;0;0;0;0;0;0;0;0;0;"59";4;0;0;0;0;0;0;80;20
"63_A";0;44,140625;0;0;0;0;0;0;0;0;0;0;0;0;0;0;0;68,7625;0;0;0;0;0;0;0;0,25;6,446875;0;0;0;0;0;0;0;0;0;0,15;0;0;0;0;0;0;0;0;0;0,078125;0;0;0;0;0;0;0;0;0;0;0,05;0;0;0;0;0;0;0;0;0;0;0;0;0;0;0;0;0;0;0;1,528125;0;0,05;4,084375;0;0;0,93125;0;0;0,15;0;0;0;0;0;0;0;0;0;0;0;0;0;0;0;0;0;0;0;0;"63_A";2,5;0;0;0;0;5;5;90;0
"74";0;0;0;0;0;0;0;0;0;0;0;0;0,88;0;0;0;0;0;0;0;0;0;0;0;0;0;0;0;0;0;0;0;0;0;0;0;0;0;0;0;0;0;0;0;0;0;0;0;0;0;0;0;0;0;0;0;0;0;21,36;0;0;0;0;0;0;0,52;0;0;0;0;0;0;0;0;0;0;0;0;0;0;0;0;0;0;0;0;0;0;0;0,92;0;0;0;0;0;0;0;0;0;0;0;0;0;0;0;0;0;"74";23;100;0;0;0;0;0;0;0
"80B";0;1009,98208598726;0;0;0;0;0;0;0;0;0;1,875;0,0520833333333333;0;0;0;0;0;0;0;0;0;0;0;0;0;36,7303609341826;0;0;0;0;0;0;0;0;0;0;0;0;0;0;0;0;0;0;0;0,115777600849257;0;0;0;0;0;0;0;0;0;0;0,0520833333333333;0;0;0;0;0;0;0;0,0260416666666667;0;0;0;0;0;0;0;0;0;0;0;0;0;0;0,208333333333333;0;0;0;0;0;0;0;0;0;0;0;0;0;0;0;0;0;0;0;0;0;0;0;0;0;0;"80B";6;0;0;5;20;25;25;25;0
"81";0;143,559561403509;0;0;0;0;0;0;0;0;0;0,212017543859649;0,000526315789473684;0;0;0;0;0;0;0;0;0;0;0;0;0;9,14517543859649;0;0;0;0;0;0;0;0;0,53;0;0;0;0;0;0;0;0;0;0;0;0;5,535;0;0;0;0;0;0;0;0;0,245;0;0;0;0;0;0;0;0,0175438596491228;0;0;0;0;0;0;0;0;0;0;0;0;0;0;0;0;0;0;0;0;0;0;0;0;0;0;0;0;0;0;0;0;0;0;0;0;0;0;0;0;0;"81";7;0;40;0;0;0;40;20;0
"82";0;222,649572649573;0;0;0;0;0;0;0;0;0;0,256410256410256;0,256410256410256;0;0;0;0;0;0;0;0;0;0;0;0;0;2,05128205128205;0;0;0;0;0;0;0;0;0;0;0;0;0;0;0;0;0;0;0;0;0;0;0;0;0;0;0;0;0;0;0;0;0;0;0;0;0;0;0,0213675213675214;0;0;0;0;0;0;0;0;0;0;0;0;0;0;0;0;0;0;0;0;0;0;0;0;0;0;0;0;0;0;0;0;0;0;0;0;0;0;0;0;0;"82";7;0;10;0;0;70;0;20;0
"84";0;0;0;0;0;0;0;0;0;0;0;0;0;0;0;0;0;0;0;0;0;0;0;0;0;0;1,81818181818182;0;0;0;0;0;0;0;0;0;0;0;0;0;0;0;0;0;0;0;0;0;0;0;0;0;0;0;0;0;0;0;0;0;0;0;0;0;0;0;0;0;0;0;0;0;0;0;0;0;0;0,681818181818182;0;0;0;0;0;0;0;0;0;0;0;0;0;0;0;0;0;0;0;0;0;0;0;0;0;0;0;0;0;"84";14,5;0;0;30;30;30;0;10;0
"90_A";0;562,121212121212;0;0;0;0;0;0;0;0;0;0,444444444444444;0,313131313131313;0;0;0;0;0;0;0;0;0;0;0;0;0;2,56565656565657;0;0;0;0;0;0;0;0;0;0;0;0;0;0;0;0;0;0;0;0;0;0;0,05;0;0;0;0;0;0;0;0,373333333333333;0;0;0;0;0;0;0;0;0;0;0;0;0;0;0;0;0;0;0;0;0;0;0;0;0;0;0;0;0;0;0;0;0;0;0;0;0;0;0;0;0;0;0;0;0;0;0;0;0;"90_A";5;0;0;0;35;35;0;30;0
"90_B";0;222;0;0;0;0;0;0;0;0;0;0,2;0,1;0;0;0;0;0;0;0;0;0;0;0;0;0;0,2;0;0;0;0;0;0;0;0;0;0;0;0;0;0;0;0;0;0;0;0;0;0;0,075;0;0;0;0;0;0;0;0,56;0;0;0;0;0;0;0;0;0;0;0;0;0;0;0;0;0;0;0;0;0;0;0;0;0;0;0;0;0;0;0;0;0;0;0;0;0;0;0;0;0;0;0;0;0;0;0;0;0;"90_B";5;0;0;0;35;35;0;30;0
"97";0;50,27;0;0;0;0;0;0;0;0;0;0,149;0;0;0;0;0;0;0;0;0;0;0;0;0;0;0,245;0;0;0;0;0;0;0;0;0,084;0;0;0;0;0;0;0;0;0;0;0;0;0;3,542;0;0;0;0;0;0;0;0;0;0;0;0;0;0;0;0;0;0;0;0;0;0;0;0;0;0;0;0;0;0;0;0;0;0;0;0;0;0;0;0;0;0;0;0;0;0;0;0;0,105;0;0;0;0;0;0;0;0;"97";4;0;0;0;30;30;10;30;0
"98";0;738,738738738739;0;0;0;0;0;0;0;0;0;0,27027027027027;0,0900900900900901;0;0;0;0;0;0;0;0;0,36036036036036;0;0;0;0;47,7477477477477;0;0;0;0;0;0;0;0;0;0;0;0;0;0;0;0;0;0;0;0,0900900900900901;0;0;0;0;0;0;0;0;0;0;0;0,0900900900900901;0;0;0;0,00900900900900901;0;0;0,0900900900900901;0;0;0;0;0;0;0;0;0;0;0;0;0;0;0;0;0;0;0;0;0;0;0;0;0;0;0;0;0;0;0;0;0;0;0;0;0;0;0;0;0;"98";2,7;0;0;0;0;0;0;100;0
"A-25_rep";0;23,25;0;0;0;0;0;0;0;0;0;0;0;0;0;0;0;0;0;0;0;0;0;0;0;0;0;0;0;0;0;0;0;0;0;0;0;0;0;0;0;0;0;0;0;0;0;0;0;0;0;0;0;0;0;0;0;0,127388535031847;0;0;0;0;0;0;0;0,0636942675159236;0;0;0;0;0;0;0;0;0;0;0;0;0;0;0;0;0;0;0;0;0;0;0;0;0;0;0;0;0;0;0;0;0;0;0;0;0;0;0;0;0;"A-25_rep";4;0;0;75;0;0;10;5;10
"A45_rep";0;0;0;0;0;0;0;0;0;0;0;0;0,04;0;0;0;0;0;0;0;0;0;0;0;0;0;0,04;0;0;0;0;0;0;0;0;0;0;0;0;0;0;0;0;0;0;0;0;0;0;0;0;0;0;0;0;0;0;0;0;0;0;0;0;0;0;0,04;0;0;0;0;0;0;0;0;0;0;0;0;0;0;0;0;0;0;0;0;0;0;0;0;0;0;0;0;0;0;0;0;0;0;0;0;0;0;0;0;0;"A45_rep";1,1;0;0;20;40;20;0;0;0
"B1";0;0;0;0;0;0;0;0;0;0;0;0;0,48;0;0;0;0;0;0;0;0;0;0;0;0,04;0,08;0;0;0;0;0;0;0;0;0;0;0;0;0;0;0;0;0;0;0;0;0;0,04;0;0;0;0;0;0;0;0;0,04;0,32;0;0;0;0;0;0;0;0,08;0;0;0;0;0;0;0;0;0;0;0;0,4;0;0;0;0;0;0;0;0;0;0;0;0;0;0;0;0;0;0;0;0;0;0;0;0;0;0;0;0;0;"B1";8;0;0;0;50;40;10;0;0
"B11";0;142,642970882621;0;0;0;0;0;0;0;0;0;0,375;0,635122838944495;0;0;29,295;0;0;0;0;0;0,313694267515924;0;0;0;0,117265696087352;11,0892857142857;0;0;0;0;0;0;0;0;0;0;0;0;0;0;0;0;0;0,00178571428571429;0;0,0357142857142857;0;0;0;0;0;0;0;0;0;0;0,0654799818016379;0;0;0;0;0;0,0636942675159236;0;0,316082802547771;0;0;0;0;0;0;0;0;0;0;0;0,00178571428571429;0;0;0;0;0;0;0;0;0;0;0;0;0;0;0;0,00178571428571429;0;0;0;0;0;0;0;0;0;0;0;0;0;"B11";3,5;0;0;0;5;0;10;60;20
"B12";0;259,166666666667;0;0;0;0;0;0;0;0;0;2,03629756655234;2,63823172581134;0;0;1,394;0;0;0;0;0;6,96062271062271;0;0;0;0;6,39010989010989;0;0,158666666666667;0;0;0;0;0;0;0;0;0;0;0;0;0;0;0;19,8412698412698;0;0,116605616605617;0;0;0;0;0;0;0;0;0;0,0240875543423314;0,784164543524416;0;0;0;0;0;0,0423333333333333;0;0,358801318992402;0;0;0;0;0;0;0;0;0;0;0;0;0;0;0;0;0;0;0;0;0;0;0;0;0;0;0;0,0583028083028083;0;0;0,192307692307692;0;0;0;0;0;0;0;0;0;0;"B12";8,3;0;0;50;0;0;20;15;15
"B17";0;9,09523809523809;0;0;0;0;0;0;0;0;0;0,0476190476190476;0,080952380952381;0;0;106,571428571429;0;0;0;0;0;2,48333333333333;0;0;0;0,0578095238095238;0;0;0,333333333333333;0;0;0;0;0;0;0;0;0;0;0;0;0;0;0;0;0;0,0476190476190476;0;0;6,33333333333333;0;0;0;0;16,8095238095238;0;0;0,24047619047619;0;0;0;0;0;0,582285714285714;0;8,18285714285714;0;0;0;0;0;0;0;0;0;0;0;0;0;0;0;0;0;0;0;28;0;0;0;0;0;29,6857142857143;0;0,0476190476190476;0;0;0;0;0;0;0;0;29,1238095238095;0;0;0;0;"B17";4,7;0;0;30;30;20;5;10;5
"B18";0;0;0;0;0;0;0;0;0;0;0;0;0,28;0;0;0;0;0;0;0;0;0;0;0;0;0;0;0;0;0;0;0;0;0;0;0;0;0;0;0;0;0;0;0;0;0;0;0;0;0;0;0;0;0;0;0;0;0;0;0;0;0;0;0;0;0,2;0;0;0;0;0;0;0;0;0;0;0;0;0;0;0;0;0;0;0;0;0;0;0;0;0;0;0;0;0;0;0;0;0;0;0;0;0;0;0;0;0;"B18";19;90;10;0;0;0;0;0;0
"B30";0;40,0656565656566;0;0;0;0;0;0;0;0;0;0,0791245791245791;0,244132323232323;0;0;2,40746666666667;0;0;0;0;0;0,148;0;0;0;0;0;0;0;0;0;0;0;0;0;0;0;0;0;0;0;0;0;0;0;0;0,00925925925925926;0;0;0;0;0;0;0;0;0;0;0,0303030303030303;0;0;0;0;0;0,0423333333333333;0;0,051722104269875;0;0;0;0;0;0;0;0;0;0;0;0;0;0;0;4,416;0;0;0;0;0;0;0;0;0;0,229333333333333;0;0;0;0;0;0;0;0;0;0;0;0;0;0;0;"B30";5,7;0;0;5;30;30;0;5;30
"B31";0;45,5;0;0;0;0;0;0;0;0;0;0;0,05;0;0;39,5333333333333;0;0;0;0;0;0;0;0;0;0,301592356687898;0,0333333333333333;0;0;0;0;0;0;0;0;0;0;0;0;0;0;0;0;0;0;0;0,1;0;0;0;0;0;0;0;0;0;0;0,0266666666666667;0;0;0;0;0;0;0;0,025;0;0;0;0;0;0;0;0;0;0;0;0;0;0,0166666666666667;0;0;3,93333333333333;1;0;0;5;0;0;0;0;0;0;0;0;0;0;0;0;0;0;0;0;0;0;0;0;"B31";5;0;0;15;15;20;20;15;15
"B34";0;135,372299658014;0;0;0;0;0;0;0,538333333333333;0;0;0,0498866213151927;1,50513024534863;0;0;10,6613333333333;0;5,12666666666667;0;0;0;0;0;0;1,69049798986105;0,254777070063694;1,83372976230119;0;0;0;0;0;0;0;0;0;0;0;0;0;0;0;0;0;0,0243460243460243;0;0,035580821295107;0;0;0;0;0;0;0;0;0;0;0;0;0;0;0;0;0;0;0,0266135980421695;0;0;0;0;0;0;0;0;0;0;0;0,00939008081865225;0;0;0;0;0;4,94866666666667;0;0,208333333333333;0;0;0;0;0;0;0;0;0;0;0;0;0;0,226666666666667;0;0;0;0;0;0;0;"B34";2,5;0;80;0;0;0;10;10;0
"B35";0;20,2807486631016;0;0;0;0;0;0;0;0;0;0,113413547237077;2,0610956889994;0;0;0;0;0;0;0;0;0;0;0;0,0225044563279857;0;12,1212121212121;0;0;0;0;0;0;0;0;0;0;0;0;0;0;0;0;0;0;0;0;0;0;0,0151515151515152;0;0;0;0;0;0;0;0;0;0;0;0;0;0;0;0,0225044563279857;0;0;0;0;0;0;0;0;0;0;0;0;0;0;0;0;0;0;0;0;0;0;0;0;0;0;0;0;0;0;0;0;0;0;0;0;0;0;0;0;0;"B35";4,3;0;0;0;0;0;20;50;30
"B39";0;9,67303240740741;0;0;0;0;0;0;0;0;0;0;1,52120746343477;0;0;0;0;0;0;0;0;0;0;0;0,0607638888888889;0;0,0115740740740741;0;0;0;0;0;0;0;0;0;0;0;0;0;0;0;0;0;0,0115740740740741;0;0;0;0;0;0;0;0;0;0;0;0;0;0;0;0;0;0;0;0;0,59639655579146;0;0;0;0;0;0;0;0;0;0;0;0;0;0;0;0;0;0;0;0;0;0;0;0;0;0;0;0;0;0;0;0;0;0;0;0;0;0;0;0;0;"B39";5,1;0;10;5;5;5;0;55;20
"B41";0;4,04464285714286;0;0;0;0;0;0;0;0;0;0,191082802547771;1,8492821757153;0;0;0;0;9,022;0;0;0;0;0;0;0,130952380952381;0,0347222222222222;4,83076155090486;0;0;0;0;0;0;0;0;0,191082802547771;0;0;0;0;0;0;0;0;0;0;0;0;0;0;0;0;0;0;0;0;0;0,0357142857142857;0;0;0;0;0;0;0;0,14524567788899;0;0;0;0;0;0;0;0;0,04675;0;0;0;0;0;0;0;0;0,28;0;0;0;0;0;0;0;0;0;0;0;0;0;0;0;0;0;0;0;0;0;0;0;"B41";5,5;0;0;5;5;10;15;60;5
"B43";0;11,5899470899471;0;0;0;0;0;0;0;0;0;0,0755990294206855;0,946832979476292;0;0;0,9995;0;0;0;0;0;0;0;0;0,0462962962962963;0;13,3564814814815;0;0;0;0;0;0,01425;0;0;0;0;0;0;0;0;0;0;0;0,0119047619047619;0;0,0119047619047619;0;0;0;0;0;0;0;0;0;0;0;0;0;0;0;0,0231481481481481;0;0;0,0291005291005291;0;0;0;0;0;0;0;0;0;0;0;0,28968253968254;0;0;0;0;0;0,414;0;0;0;0;0;0;0;0;0;0;0;0;0;0;0;0;0;0;0;0;0;0;0;"B43";6,1;0;0;0;0;80;10;10;0
"B44";0;90,5692167577413;0;0;0;0;0;0;0;0;0;0;0,0504705525197328;0;0;0;0;0;0;0;0;0;0;0;0,0462962962962963;0;0,0925925925925926;0;0;0;0;0;0;0;0;0;0;0;0;0;0;0;0;0;0;0;0;0;0;0;0;0;0;0;0;0;0;0,163934426229508;0;0;0;0;0;0;0;0;0;0;0;0;0;0;0;0;0;0;0;0;0;0;0;0;0;0;0;0;0;0;0;0;0;0;0;0;0;0;0;0;0;0;0;0;0;0;0;0;0;"B44";9,5;0;50;0;0;0;10;35;5
"B46A";0;0;0;0;0;0;0;0;0;0;0;0;10,0636942675159;0;0;0;0;4,07643312101911;0;0;0;0;0;0;0;0,127388535031847;0;0;0;0;0;0;0;0;0;0;0;0;0;0;0;0;0;0;0;0;0;0;0;26,3269639065817;0;0;0;0;0;0;0;2,67515923566879;0;0;0;0;0;0;0;0,212314225053079;0;0;0;0;0;0;0;0;0;0;0;0;0;0;0;0;0;1,3588110403397;0;0;1,3588110403397;0;0;0;0;0;0;0;0;0;0;0;0;0;0;0;0;0;0;0;0;"B46A";5,3;0;0;25;30;45;0;0;0
"C1";0;0;0;0;0;0;0;0;0;0;0;0,00612745098039216;8,211952376492;0;0;0;0;66,1409803921569;0;0;0;0;0;0;0;0;25,2930360042106;0;0;0;0;0;0;0;0;0;0;0;0;0;0;0;0;0,0318471337579618;0,0349108592481579;0;0,0318471337579618;0;0;0;0;0;0;0;0;0;0;1,56050955414013;0;0;0;0;0;0;0;0,321535063069814;0;0;0;0;0;0;0;0;0;0;0;9,04335380649075;0;0;0;0;0;1115,26274509804;0;0;0;28,65;0;0;0;0;0;0;0;0;0,859872611464968;0;0;3,185;0;0;0;0;0;0;0;"C1";4,3;0;0;30;30;10;10;10;10
"C10";0;56;0;0;0;0;0;0;0;0;0;2,65;0,85;0;0;0;0;0;0;0;0;0;0;0;0;0;49,05;0;0;0;0;0;0;0;0;0;0;0;0;0;0;0;0;0;0;0;0;0;0;0,05;0;0;0;0;0;0;0;0;0;0;0;0;0;0;0;0,025;0;0;0;0;0;0;0;0;0;0;0;0,05;0;0,1;0;0;0;0;0;0;0;0;0;0;0;0;0;0;0;0;0;0;0;0;0;0;0;0;0;0;0;"C10";7,3;0;0;0;0;10;10;10;70
"C15";0;0;0;0;0;0;0;0;1,05;0;0;5,35238853503185;3,00716560509554;0;0;42;0;0;0;0;0;0;0;0;0,025;0,075;0,275;0;0;0;0;0;0;0;0;0,175;0;0;0;0;0;0;0;0;0,025;0;0,1;0;0;0,025;0;0;0;0;0;0;0,0125;0;0;0;0;0;0;0;0;0,202388535031847;0;0;0;0;0;0;0;0;0;0;0;0;0;0;0;0;9,45;0;0;0;0;0;0;0;0;0;0;0;0;0;0;0;0;0;0;0;0;0;0;0;0;"C15";3,3;0;0;10;30;10;10;20;20
"C16";0;0,75;0;0;0;0;0;0;0;0;0;0,95;4,22738853503185;0;0;136;0;0;0;0;0;0;0;0;0,254777070063694;0;0,3;0;0;0;0;0;0;0;0;0,2;0;0;0;0;0;0;0;0;0,1;0;0,1;0;0;1,36369426751592;0;0;0;0;0;0;0;0,764331210191083;0;0;0;0;0;0;0;0,632165605095541;0;0;0;0;0;0;0;0;0;0;0;10,4458598726115;0;0;0;0;0;12,8;0;0;0;0;0;0;0;0;0;0;0;0;0;0;0;0;11,2;0;0;0;0;0;0;"C16";1,9;0;0;0;70;0;0;0;30
"C2";0;13,1406926406926;0;0;0;0;0;0;15,3086099363057;0;0;0,0639430014430014;0,30596754625417;0;0;191,082802547771;0;14,079975;0;0;0;0;0;0;0;0,158566384959697;10,140386002886;0;0;0;0;0;0;0;0;0,127388535031847;0;0;0;0;0;0;0;0;0,00753968253968254;0;0,0114087301587302;0;0;0,00744047619047619;0;0;0;0;0;0;0;0;0;0;0;0;0;0;0;0,0786744262460823;0;0;0;0;0;0;0;0;0,156875;0;0;0,921699134199134;0;0,00396825396825397;0;0;0;31,0757161226115;0;0;63,7017050159236;0;0;0;0;0;0;0;0;0;0;0;0;3,04458598726115;0;0;0;0;0;0;0;"C2";3,5;0;50;10;20;10;5;5;0
"C26";0;281,632653061224;0;0;0;0;0;0;0;0;0;0,662940335369817;0,62459378655921;0;0;0;0;0;0;0;0;0;0;0;0;0;0,178408943195112;0;0;0;0;0;0;0;0;0,408163265306122;0;0;0;0;0;0;0;0;0;0;0;0;0;0;0;0;0;0;0;0;0;0;0;0;0;0;0,0510204081632653;0;0;0,484206421422072;0;0;0;0;0;0;0;0;0;0;0;0,0510204081632653;0;0;0;0;0;0;0;0;0;0;0;0;0;0;0;0;0;0;0;0;0;0;0;0;0;0;0;0;0;"C26";9,7;0;0;0;70;0;0;30;0
"C27";0;22,8;0;0;0;0;0;0;0;0;0;0;0,04;0;0;0;0;0;0;0;0;0;0;0;0;0;0;0;0;0;0;0;0;0;0;0;0;0;0;0;0;0;0;0;0;0;0;0;0;0;0;0;0;0;0;0;0;0;0;0;0;0;0;0;0;0,2;0;0;0;0;0;0;0;0;0;0;0;0;0;0;0;0;0;0;0;0;0;0;0;0;0;0;0;0;0;0;0;0;0;0;0;0;0;0;0;0;0;"C27";7,5;0;0;0;90;0;5;5;0
"C29";0;126,8;0;0;0;0;0;0;0;0;0;0;0;0;0;0;0;0;0;0;0;0;0;0;0;0;0,16;0;0;0;0;0;0;0;0;0;0;0;0;0;0;0;0;0;0;0;0,04;0;0;0;0;0;0;0;0;0;0;0;0;0;0;0;0;0;0;0,04;0;0;0;0;0;0;0;0;0;0;0;0,04;0;0;0;0;0;0;0;0;0;0;0;0;0;0;0;0;0;0;0;0;0;0;0;0;0;0;0;0;0;"C29";5;0;0;0;0;95;5;0;0
"C3";0;100,3125;0;0;0;0;0;0;0;0;0;0;0,828025477707006;0;0;0;0;0;0;0;0;0;0;0;0;0;0,0416666666666667;0;0;0;0;0;0;0;0;0;0;0;0;0;0;0;0;0;0;0;0;0;0;0;0;0;0;0;0;0;0;0,254777070063694;0;0;0;0;0;0;0;0;0;0;0;0;0;0;0;0;0;0;0;0;0;0;0;0;0;0;0;0;0;0;0;0;0;0;0;0;0;0;0;0;0;0;0;0;0;0;0;0;0;"C3";10,7;5;0;10;20;20;35;10;0
"C38";0;303,083333333333;0;0;0;0;0;0;0;0;0;0,0916666666666667;0,45;0;0;0;0;0;0;0;0;0;0;0;0,05;0;77,5;0;0;0;0;0;0;0;0;0;0;0;0;0;0;0;0;0;0;0;0;0;0;0;0;0;0;0;0;0;0;0;0;0;0;0;0,0416666666666667;0;0;0;0;0;0;0;0;0;0;0;0;0;0;0,541666666666667;0;0;0;0;0;0;0;0;0;0;0;0;0;0;0;0;0;0;0;0;0;0;0;0;0;0;0;0;0;"C38";7,7;0;0;0;0;0;10;60;30
"C44";0;8,6;0;0;0;0;0;0;0;0;0;0;1,31369426751592;0;0;0;0;0;0;0;0;0;0;0;0;0;0,65;0;0;0;0;0;0;0;0;0,127388535031847;0;0;0;0;0;0;0;0;0;0;0;0;0;0;0;0;0;0;0;0;0;0;0;0;0;0;0,1;0;0;1,50127388535032;0;0;0;0;0;0;0;0;0;0;0;0,05;0;0;0;0;0;0;0;0;0;0;0;0;0;0;0;0;0;0;0;0;0;0;0;0;0;0;0;0;0;"C44";4;0;0;0;20;0;0;20;60
"D1";0;50;0;0;0;0;0;0;0;0;0;0,275;0,077185067232838;0;0;0;0;0;0;0;0;0;0;0;0;0,254777070063694;1,38888888888889;0;0;0;0;0;0;0;0;0;0;0;0;0;0;0;0;0;0;0;0;0;0;0;0;0;0;0;0;0;0;0;0;0;0;0;0,0347222222222222;0;0;0,178573956121727;0;0;0;0;0;0;0;0;0;0;0;0,0694444444444444;0;0;0;0;0;0;0;0;0;0;0;0;0;0;0;0;0;0;0;0;0;0;0;0;0;0;0;0;0;"D1";6,5;0;0;0;10;10;10;35;35
"D20";0;0;0;0;0;0;0;0;0;0;0;0;0;0;0;0;0;0;0;0;0;0;0;0;0;0;0,14;0;0;0;0;0;0;0;0;0;0;0;0;0;0;0;0;0;0;0;0;0;0;0;0;0;0;0;0;0;0;0;0;0;0;0;0;0;0;0,248;0;0;0;0;0;0;0;0;0;0;0;0;0;0;0;0;0;0;0;0;0;0;0;0;0;0;0;0;0;0;0;0;0;0;0;0;0;0;0;0;0;"D20";5,1;0;0;0;0;100;0;0;0
"D29";0;0;0;0;0;0;0;0;0;0;0;0;9,0132;0;0;0;0;0;0;0;0;3,408;0;0;0;0;0;0;0;0;0;0;0;0;0;0;0;0;0;0;0;0;0;0;0;0;0;0;0;0;0;0;0;0;0;0;0;24,4;0;0;0;0;0;0;0;10,92;0;0;0;0;0;0;0;0;0;0;0;0,616;0;0;0;0;0;0;0;0;0;0;0;0;0;0;0;0;0;0;0;0;0;0;0;0;0;0;0;0;0;"D29";10,2;0;100;0;0;0;0;0;0
"D30";0;0;0;0;0;0;0;0;0;0;0;0;1,992;0;0;0;0;0;0;0;0;0;0;0;0,716;0;0;0;0;0;0;0;0;0;0;0;0;0;0;0;0;0;0;0;0;0;0;0;0;0;0;0;0;0;0;0;0;1,668;0;0;0;0;0;0;0;3,052;0;0;0;0;0;0;0;0;0;0;0;0,34;0;0;0,124;0;0;0;0;0;0;0;0;0;0;0;0;0;0;0;0;0;0;0;0;0;0;0;0;0;0;"D30";8,5;10;0;0;40;40;10;0;0
"D31";0;0;0;0;0;0;0;0;0;0;0;0;0,412;0;0;0;0;0;0;0;0;0;0;0;0;0;0;0;0;0;0;0;0;0;0;0,0068;0;0;0;0;0;0;0;0;0;0;0;0;0;0;0;0;0;0;0;0;0;0;0;0;0;0;0;0;0;0,136;0;0;0;0;0;0;0;0;0;0;0;0;0;0;0;0;0;0;0;0;0;0;0;0;0;0;0;0;0;0;0;0;0;0;0;0;0;0;0;0;0;"D31";4,5;0;0;0;0;100;0;0;0
"D9";0;510;0;0;0;0;0;0;0;0;0;11,71875;2,28125;0;0;0;0;0;0;0;0;0;0;0;0,0636942675159236;0;55;0;0;0;0;0;0;0;0;0,5625;0;0;0;0;0;0;0;0;0;0;0;0;0;0;0;0;0;0;0;0;0;0;0;0;0;0;0;0;0;0,0949442675159236;0;0;0;0;0;0;0;0;0;0;0;0,09375;0;0;0;0;0;0;0;0;0;0;0;0;0;0;0;0;0;0;0;0;0;0;0;0;0;0;0;0;0;"D9";5,6;0;0;20;20;10;10;40;0
"Kol-1";0;0;0;0;0;0;0;0;0;0;0;0,0266666666666667;0,226096866096866;0;0;0;0;19,9430199430199;0;0;0;0;0;0;0;0;0;0;0;0;0;0;0;0;0;0;0;0;0;0;0;0;0;0;0;0;0;0;0;0;0;0;0;0,284900284900285;0;0;0;0;0;0;0;0;0;0;0;0,0418233618233618;0;0;0;0;0;0;0;0;0;0;0;0;0;0;0;0;0;0;0;0;0;0;0;0;0;0;0;0;0;0;0;0;0;0;0;0;0;0;0;0;0;"Kol-1";0,3;0;10;0;0;0;20;60;10
"Kol-2";0;2,1;0;0;0;0;0;0;0;0;0;0;0,1;0;0;0;0;0;0;0;0;0;0;0;0;0;0;0;0;0;0;0;0;0;0;0;0,1;0;0;0;0;0;0;0;0;0;0;0;0;0;0;0;0;0;0;0;0;0;0;0;0;0;0;0;0;0;0;0;0;0;0;0;0;0;0;0;0;0;0;0;0;0;0;0;0;0;0;0;0;0;0;0;0;0;0;0;0;0;0;34,5;0;0;0;0;0;0;0;"Kol-2";0,6;0;0;80;0;0;0;0;20
"Kol-4";0;0,6;0;0;0;0;0;0;0;0;0;0,35;0,55;0;0;71;0;0;0;0;0;0;0;0;0;0;0,1;0,07;0;0;0;0;0;0;0;0;1,32;0;0;0;0;0;0;0;0,025;0;0;0;0;0;0;0;0;0;0;0;0;0;0;0;0;0;0;0;0;0,025;0;0;0;0;0;0;0;0;0;0;0;0;0;0;0;0;0;0,285;0;0;0,35;0;0;0;0;0;0;0;0;0;0;0;0;0;0;0;0;0;0;0;0;"Kol-4";0,4;0;0;80;0;0;0;0;20
"Kop-16_rep";0;96,9509433962264;0;0;0;0;0;0;0;0;0;0,788050314465409;0,288679245283019;0;0;0;0;0;0;0;0;0;0;0;0;0;178,947798742138;0;0;0;0;0;0;0;0;0;0;0;0;0;0;0;0;0;0;0;0;0;0;0;0;0;0;0;0;0;0;0,0333333333333333;0;0;0;0;3,40817610062893;0;0;0;0;0;0;0;0;0;0;0;0;0;0;0;0;0;0,182389937106918;0;0;0;0;0;0;0;0;0;0,126666666666667;0;0;0;0;0;0;0;0,0633333333333333;0;0;0;0;0;0;0;0;"Kop-16_rep";5;0;0;0;0;10;80;10;0
"Kop-17_rep";0;0;0;0;0;0;0,686;0;0,025;0;0;1,24444444444444;0,802777777777778;0;0;0;0;72,5;0;0;0;0;0;0;0;0,0277777777777778;28,4083333333333;0;0;0;0;0;0;0;0;0,113888888888889;0;0;0;0;0;0;0;0;0;0;0;0;0;0,462;0;0;0;0;0;0;0;0,021;0;0;0;0;1,375;0;0;0,0777777777777778;0;0;0;0;0;0;0;0;0;0;0;1,01944444444444;0;0,0694444444444444;4,06388888888889;0;0;0,725;0;0;0;0;0;0;0;0;0;0;0;0;0;0;0;0;0;0;0;0;0;0;0;"Kop-17_rep";2;0;0;0;31,25;18,75;12,5;18,75;18,75
"NbGa-3_rep";0;0,56;0;0;0;0;0;0;0,004;0;0;0;0,02;0;0;0;68;12;0;0;0;0;0;0;0;0;0,4;0;0;0;0;0;0;0;0;0;0;0;0;0;0;0;0;0;0;0;0;0;0;0;0;0;0;0;0;0;0;0;0;0;0;0;0;0;0;0;0;0;0;0;0;0;0;0;0;0;0;0,4;0;0;0;0;0;0,04;0;0;12;0;0;0;0;0;0;0;0;0;0;0;0;0;0;0;0;0;0;0;0;"NbGa-3_rep";4;0;0;100;0;0;0;0;0
"А17";0;23,2;0;0;0;0;0;0;0;0;0;0;0;0;0;0;0;0;0;0;0;0;0;0;0,04;0;0;0;0;0;0;0;0;0;0;0;0;0;0;0;0;0;0;0;0;0;0;0;0;0;0;0;0;0;0;0;0;0;0;0;0;0;0;0;0;0;0;0;0;0;0;0;0;0;0;0;0;0;0;0;0;0;0;0;0;0;0;0;0;0;0;0;0;0;0;0;0;0;0;0;0;0;0;0;0;0;0;"А17";10;30;0;10;10;20;20;30;10
"А21";0;118;0;0;0;0;0;0;0;0;0;0;0,05;0;0;0;0;0;0;0;0;0;0;0;0;0;0;0;0;0;0;0;0;0;0;0;0;0;0;0;0;0;0;0;0;0;0;0;0;103,821656050955;0;0;0;0;0;0;0;0,509554140127389;0;0;0;0;0;0;0;0,254777070063694;0;0;0;0;0;0;0;0;0;0;0;0;0;0;0;0;0;0;0;0;0;0;0;0;0;0;0;0;0;0;0;0,05;0;0;0;0;0;0;0;0;0;"А21";10;0;0;0;0;80;15;5;0
"А22";0;1,44;0;0;0;0;0;0;0;0;0;0;0;0;0;0;0;0;0;0;0;0;0;0;0;0;0;0;0;0;0;0;0;0;0;0;0;0;0;0;0;0;0;0;0;0;0;0;0;0;0;0;0;0;0;0;0;0;0;0;0;0;0;0;0;0,04;0;0;0;0;0;0;0;0;0;0;0;0;0;0;0;0;0;0;0;0;0;0;0;0;0;0;0;0;0;0;0;0;0;0;0;0;0;0;0;0;0;"А22";11,5;30;0;10;10;20;20;30;10
"А25";0;351,261363636364;0;0;0;0;0;0;0,06295;0;0;0;0,547727272727273;0;0;3,975;73,4275;38,857;0;0;0;0;0;0;0,0909090909090909;0,172727272727273;0,772727272727273;0;0;0;0;0;0;0;0;0,181818181818182;0;0;0;0;0;0;0;0;0,025;0;0,144318181818182;0;0;0,215909090909091;0;0;0;0;0;0;0;0;0;0;0;0;0;0;0;0,102301679212507;0;0;0;0;0;0;0;0;0,4775;0;0;2,59437608569774;0;0,0227272727272727;0;0;0;4,566;0;0;23,9395;0;0;0;0;0;0;0,227272727272727;0;0;0;0;0;0;0;0;0;0;0;0;0;"А25";3,5;0;0;10;10;10;40;15;15
"А26";0;163,47734647278;0;0;0;0;0;0;0;0;0;0,235849056603774;0,188679245283019;0;0;11,3;0;0;0;0;0;0;0;0;0,205203701478188;0;0,330188679245283;0;0;0;0;0;0;0;0;0;0;0;0;0;0;0;0;0;0,0471698113207547;0;0,0471698113207547;0;0;140,127388535032;0;0;0;0;0;0;0;0,68411248647999;0;0;0;0,0471698113207547;0;0;0;0,174558346352602;0;0;0;0;0;0;0;0;0;0;0;0,57084485037856;0;0;0;0;0;0;0;0;13,2;0;0;0;0;0;0;0;0;0;0;0;0;0;0;0;0;0;0;0;0;"А26";7,3;0;0;0;0;0;20;40;40
"А28";0;732,323232323232;0;0;0;0;0;0;0;0;0;0;0,101010101010101;0;0;0;0;0;0;0;0;0;0;0;0;0;0,0252525252525253;0;0;0;0;0;0;0;0;0,0505050505050505;0;0;0;0;0;0;0;0;0;0;0;0;0;0;0;0;0;0;0;0;0;0;0;0;0;0;0;0;0;0;0;0;0;0;0;0;0;0;0;0;0;0,454545454545454;0;0;0;0;0;0;0;0;0;0;0;0;0;0;0;0,0505050505050505;0;0;0;0,0252525252525253;0;0;0;0;0;0;0;0;0;"А28";8,7;0;0;20;20;30;20;10;0
"А29";0;80,718954248366;0;0;0;0;0;0;0,1634;0;0;1013,07189542484;0,065359477124183;0;0;0,1634;9,64;0;0;0;0;0;0;0;0;0;0,0326797385620915;0;0;0;0;0;0;0;0;0,522875816993464;0;0;0;0;0;0;0;0;0,0326797385620915;0;0;0;0;0;0;0;0;0;0;0;0;0,065359477124183;0;0;0;0;0;0;0;0,0963740060780151;0;0;0;0;0;0;0;0;0;0;0;1,26784896548853;0;0;0;0;0;0;0;13,07;9,64;0;0;0;0;0;0;0;0,130718954248366;0;0;0;0;0;0;0;0;0;0;0;0;"А29";4,3;0;2;3;0;0;10;60;25
"А31";0;0,509554140127389;0;0;0;0;0;0;0;0;0;0,636942675159236;0;0;0;0;0;0;0;0;0;0;0;0;0;0;0;0;0;0;0;0;0;0;0;0,254777070063694;0;0;0;0;0;0;0;0;0;0;0;0;0;0;0;0;0;0;0;0;0;0,254777070063694;0;0;0;0;0;0;0;0,127388535031847;0;0;0;0;0;0;0;0;0;0;0;0;0;0;0;0;0;0;0;0;0;0;0;0;0;0;0;0;0;0;0;0;0;0;0;0;0;0;0;0;0;"А31";6,5;0;0;50;25;25;0;0;0
"А32";0;360,948033565868;0;0;0;0;0;0;0;0;0;0,745351473922903;0,112018140589569;0;0;34;0,0423333333333333;9,06666666666667;0,0453333333333333;0;0;0;0;0;0;0;0,0226757369614513;0;0;0;0;0;0;0;0;0,466666666666667;0;0;0;0;0;0;0;0;0;0;0,0226757369614513;0;0;0;0;0;0;0;0;0;0;0;0;0;0;0;0;0;0;0,0226757369614513;0;0;0;0;0;0;0;0;0;0;0;0;0;0;0;0;0;0,0453333333333333;0;0;2,72;0;0;0;0;0;0;0;0;0;0;0;0;0;0;0;0;0;0;0;0;"А32";3,5;0;10;20;15;15;10;20;10
"А33";0;3,2;0;0;0;0;0;0;0;0;0;0;0,04;0;0;0;0,8;0;0;0;0;0;0;0;0;0;0;0;0;0;0;0;0;0;0;0,12;0;0;0;0;0;0;0;0;0;0;0;0;0;0;0;0;0;0;0;0;0;0;0;0;0;0;0;0;0;0,02;0;0;0;0;0;0;0;0;0;0;0;0;0;0;0;0;0;0;0;0;5,2;0;0;0;0;0;0;0;0;0;0;0;0;0;0;0;0;0;0;0;0;"А33";3;0;20;30;15;25;10;0;0
"А34";0;72,9166666666667;0;0;0;0;0;0;0,6249;0;0;0;0,416666666666667;0;0;6,225;0;0;0;0;0;0;0;0;0;0;0;0;0;0;0;0;0;0;0;0,0636942675159236;0;0;0;0;0;0;0;0;0;0;0,104166666666667;0;0;49,0445859872612;0;0;0;0;0;0;0;2,80254777070064;0;0;0;0;0;0;0;0;0;0;0;0;0;0;0;0;0;0;0;0,0520833333333333;0;0;0;0;0;0;0;0,6249;4,95;0;0;0;0;0;0;0;0;0;0;0;0;0;0;0;0;0;0;0;0;"А34";8,5;0;4;0;2;2;90;2;0
"А35";0;57,2760714285714;0;0;0;0;0;0;0;0;0;0;0,0446428571428571;0;0;0;0;0;0;0;0;0;0;0;0,0446428571428571;0;0;0;0;0;0;0;0;0;0;0;0;0;0;0;0;0;0;0;0;0;0;0;0;18,7898089171975;0;0;0;0;0;0;0;0,394777070063694;0;0;0;0;0;0;0;0,0636942675159236;0;0;0;0;0;0;0;0;0;0;0;0,254777070063694;0;0;0;0;0;0;0;0;0;0;0;0;0;0;0;0;0;0;0;0;0;0;0;0;0;0;0;0;0;"А35";11;0;4;2;2;2;40;40;10
"А36";0;108,741258741259;0;0;0;0;0;0;0;0;0;0;0,034965034965035;0;0;0;0;0;0;0;0;0;0;0;0,168589372411028;0,127388535031847;0;0;0;0;0;0;0;0;0;0;0;0;0;0;0;0;0;0;0;0;0;0;0;200;0;0;0;0;0;0;0;0,0636942675159236;0;0;0;0;0;0;0;0,127388535031847;0;0;0;0;0;0;0;0;0;0;0;0,254777070063694;0;0;0;0;0;0;0;0;0;0;0;0;0;0;0;0;0;0;0;0;0;0;0;0;0;0;0;0;0;"А36";11,7;0;30;50;0;0;18;2;0
"А37";0;0;0;0;0;0;0;0;0;0;0;0;0;0;0;0;0;0;0;0;0;0;0;0;0,02;0,08;0;0;0;0;0;0;0;0;0;0,32;0;0;0;0;0;0;0;0;0;0;0,04;0;0;0;0;0;0;0;0;0;0;0;0;0;0;0;0;0;0;0,08;0;0;0;0;0;0;0;0;0;0;0;0,32;0;0;0;0;0;0;0;0;0;0;0;0;0;0;0;0;2,56;0;0;0;0;0;0;0;0;0;0;0;0;"А37";3,5;0;0;0;0;0;100;0;0
"А38";0;0,127388535031847;0;0;0;0;0;0;0;0;0;0;0,304777070063694;0;0;0;0;0;0;0;0;0;0;0;0,127388535031847;0;0,0636942675159236;0;0;0;0;0;0;0;0;0;0;0;0;0;0;0;0;0;0;0;0,0636942675159236;0;0;0;0;0;0;0;0;0;0;0,05;0;0;0;0;0;0;0;0,1;0;0;0;0;0;0;0;0;0;0;0;0,025;0;0;0;0;0;0;0;0;0;0;0;0;0;0;0;0,0636942675159236;0;0;0;0;0;0;0;0;0;0;0;0;0;"А38";8,1;0;0;15;15;15;50;3;2
"А40";0;171;0;0;0;0;0;0;0;0;0;0;0,05;0;0;0;0;0;0;0;0;0;0;0;0,1;0;26,5;0;0;0;0;0;0;0;0;0,263694267515924;0;0;0;0;0;0;0;0;0;0;0,05;0;0;0;0;0;0;0;0;0;0;0;0;0;0;0;0;0;0;0,0636942675159236;0;0;0;0;0;0;0;0;0;0;0;0,025;0;0;0;0;0;0;0;0;0;0;0;0;0;0;0;0;0,2;0;0;0;0;0;0;0;0;0;0;0;0;"А40";10;1;0;9;20;20;48;0;2
"А41";0;36,7272727272727;0;0;0;0;0;0;0;0;0;0,248484848484849;0,215151515151515;0;0;0;0;47,2333333333333;0;0;0;0;0;0;0;0;0;0;0;0;0;0;0;0;0;0;0;0;0;0;0;0;0;0;0;0;0,0939393939393939;0;0;0;0;0;0;0;0;0;0;0,0424628450106157;0;0;0;0;0;0;0;0,221327928971241;0;0;0;0;0;0;0;0;1,33333333333333;0;0;0,796969696969697;0;0;0;0;0;1,33933333333333;0;6,06;6,63333333333333;0;0;0;0;0;0;0;0;0;0;0;0;0;0;0;0;0;0;0;0;"А41";2,4;0;0;10;20;20;10;30;10
"А42";0;130,00303030303;0;0;0;0;0;0;0;0;0;0;0,0970082995560703;0;0;0;0;13,8233333333333;0;0;0;0;0;0;0;0,0378787878787879;0;0;0;0;0;0;0;1346,66666666667;0;0,0666666666666667;0;0;0;0;0;0;0;0;0;0;0,0545454545454545;0;0;0;0;0;0;0;0;0;0;0,133333333333333;0;0;0;0;0;0;0;0,0378787878787879;0;0;0;0;0;0;0;0;11,3333333333333;0;0;0,340909090909091;0;0;0;0;0;13,8233333333333;0;0;2,65;0;0;0;0;0;0;0;0;0;0;0;0;0;0;0;0;0;0;0;0;"А42";4,7;0;0;10;20;20;10;30;10
"А43";0;299,962962962963;0;0;0;0;0;0;0;0;0;0,0333333333333333;0;0;0;0;0;0;0;0;0;0;0;0;0;0;1,5;0;0;0;0;0;0;0;0;1,2;0;0;0;0;0;0;0;0;0;0;0,0333333333333333;0;0;0;0;0;0;0;0;0;0;0;0;0;0;0;0;0;0;0,0733270425414799;0;0;0;0;0;0;0;0;0;0;0;0;0;0;0;0;0;0;0;0;0;0;0;0;0;0;0;0;0;0;0;0;0;0;0;0;0;0;0;0;0;"А43";5,4;0;0;30;30;35;0;5;0
"А45";0;6,25;0;0;0;0;0;0;0;0;0;0,19;0,96;0;0;8;0;0;0;0;0;0;0;0;0;0;0;0;0;0;0;0;0;0;0;0,05;0;0;0;0;0;0;0;0;0;0;0,07;0;0;0;0;0;0;0;0;0;0;0,06;0;0;0;0;0;0;0;0,135;0;0;0;0;0;0;0;0;0;0;0;0,1;0;0;0;0;0;30;0;0;0;0;0;0;0;0;0;0;1,2;0;0;0;0;0;0;0;0;0;0;0;26;"А45";1,7;0;0;20;10;10;20;30;10
"А46";0;225;0;0;0;0;0;0;0,2545;0;0;0;0;0;0;0;0;40,76;0;0;0;0;0;0;0,103376807198463;0;0,0396825396825397;0;0;0;0;0;0,5095;0;0;0;0;0;0;0;0;0;0;0;0;0;0;0;0;0;0;0;0;0;0;0;0;0,127388535031847;0;0;0;0;0;0;0;0;0;0;0;0;0;0;0;0;43,3;0;0;0;0;0;0;0;0;2,545;0;0;2,545;0;0;0;0;0;0;0;0;0;0;0;0;0;0;0;0;0;0;0;0;"А46";9,7;0;0;0;0;20;10;70;0
