Species;Place;Ring;Room;Sex;Experiment;Exp;Date;dpi;Mass;MassSpecificRMR;RMR;Bad;Phase;Parasitemy
Spinus spinus;Rybachy;xj21514;Siskinary;m;Cont;0;26.08.2020;0;12,49;3,275776724;19,73830964;0;1;0
Spinus spinus;Rybachy;xj21514;Siskinary;m;Cont;0;11.09.2020;12;13,13;3,395139468;21,50579847;0;2;0
Spinus spinus;Rybachy;xj21514;Siskinary;m;Cont;0;21.09.2020;22;12,94;3,324793582;20,75545174;0;3;0
Spinus spinus;Rybachy;xj21514;Siskinary;m;Cont;0;01.10.2020;32;12,72;3,192201649;19,58892734;0;4;0
Spinus spinus;Rybachy;xj21514;Siskinary;m;Cont;0;08.10.2020;39;12,84;3,201798643;19,83317602;0;5;0
Spinus spinus;Rybachy;xj21517;Sparta;f;Cont;0;29.08.2020;0;12,71;3,893688502;23,87481316;0;1;0
Spinus spinus;Rybachy;xj21517;Sparta;f;Cont;0;23.09.2020;24;12,61;3,871381156;23,5512653;0;3;0
Spinus spinus;Rybachy;xj21517;Sparta;f;Cont;0;04.10.2020;35;12,56;3,43744588;20,82853551;0;4;0
Spinus spinus;Rybachy;xj21517;Sparta;f;Cont;0;17.10.2020;48;12,65;4,014490283;24,49932748;0;5;0
Spinus spinus;Rybachy;xj21523;Sparta;f;Exp_2;1;22.08.2020;0;11,47;3,834645898;21,21885331;0;1;0
Spinus spinus;Rybachy;xj21523;Sparta;f;Exp_2;1;08.09.2020;14;11,54;0,809322431;23,42642694;0;2;14,94666667
Spinus spinus;Rybachy;xj21528;Sparta;m;Cont;0;28.08.2020;0;13,7;3,459526424;22,86495998;0;1;0
Spinus spinus;Rybachy;xj21528;Sparta;m;Cont;0;12.09.2020;13;12,73;4,060912801;24,93935942;0;2;0
Spinus spinus;Rybachy;xj21528;Sparta;m;Cont;0;23.09.2020;24;12,86;3,838551933;23,81450812;0;3;0
Spinus spinus;Rybachy;xj21528;Sparta;m;Cont;0;03.10.2020;34;13,56;3,955604761;25,87651624;0;4;0
Spinus spinus;Rybachy;xj21528;Sparta;m;Cont;0;16.10.2020;47;12,74;3,916341593;24,07039512;0;5;0
Spinus spinus;Rybachy;xj21557;Siskinary;m;Cont;0;25.08.2020;0;12,55;3,16841771;19,18312622;0;1;0
Spinus spinus;Rybachy;xj21557;Siskinary;m;Cont;0;09.09.2020;10;13,18;3,207930375;20,39734166;0;2;0
Spinus spinus;Rybachy;xj21557;Siskinary;m;Cont;0;20.09.2020;21;12,28;4,044905352;23,9629321;0;3;0
Spinus spinus;Rybachy;xj21557;Siskinary;m;Cont;0;01.10.2020;32;12,38;3,803926538;22,71883159;0;4;0
Spinus spinus;Rybachy;xj21557;Siskinary;m;Cont;0;08.10.2020;39;11,91;4,123715392;23,6937429;0;5;0
Spinus spinus;Rybachy;xj26539;Siskinary;f;Exp_1;1;29.08.2020;8;11,64;4,097139707;23,00737016;0;2;23,33333333
Spinus spinus;Rybachy;xj26746;Siskinary;m;Exp_2;1;22.08.2020;0;12,67;3,847564373;23,51774819;0;1;0
Spinus spinus;Rybachy;xj26746;Siskinary;m;Exp_2;1;03.09.2020;9;12,29;0,776238118;22,46877742;0;2;2,255
Spinus spinus;Rybachy;xj26746;Siskinary;m;Exp_2;1;17.09.2020;23;12,41;4,119614618;24,66389134;0;3;7,916666667
Spinus spinus;Rybachy;xj26746;Siskinary;m;Exp_2;1;26.09.2020;32;12,6;4,087450645;24,84598927;0;4;1,686666667
Spinus spinus;Rybachy;xj26746;Siskinary;m;Exp_2;1;11.10.2020;47;13,69;3,761799439;24,84461733;0;5;0,29994
Spinus spinus;Rybachy;xj26746;Siskinary;m;Exp_2;1;17.10.2020;53;12,35;3,856697892;22,97818938;0;6;3,338333333
Spinus spinus;Rybachy;xj26793;Siskinary;m;Cont;0;23.08.2020;0;11,81;3,918536421;22,32579906;0;1;0
Spinus spinus;Rybachy;xj26793;Siskinary;m;Cont;0;08.09.2020;9;13,87;3,854564574;25,79199958;0;2;0
Spinus spinus;Rybachy;xj26793;Siskinary;m;Cont;0;19.09.2020;20;13,01;4,144774019;26,01425421;0;3;0
Spinus spinus;Rybachy;xj26793;Siskinary;m;Cont;0;30.09.2020;31;12,82;3,942230499;24,38165968;0;4;0
Spinus spinus;Rybachy;xj26793;Siskinary;m;Cont;0;10.10.2020;41;12,7;3,88540083;23,8052516;0;5;0
Spinus spinus;Rybachy;xj26793;Siskinary;m;Cont;0;13.10.2020;44;12,37;3,835977376;22,89174835;0;6;0
Spinus spinus;Rybachy;xj26909;Siskinary;m;Exp_2;1;23.08.2020;0;12,49;4,451554628;26,82300139;0;1;0
Spinus spinus;Rybachy;xj26909;Siskinary;m;Exp_2;1;04.09.2020;10;13,74;3,845798001;25,49214784;0;2;0,896666667
Spinus spinus;Rybachy;xj26909;Siskinary;m;Exp_2;1;16.09.2020;22;11,88;4,009168269;22,97756226;0;3;27
Spinus spinus;Rybachy;xj26917;Siskinary;f;Exp_1;1;16.08.2020;0;11,52;3,592671607;19,96655907;0;1;0
Spinus spinus;Rybachy;xj26917;Siskinary;f;Exp_1;1;01.09.2020;11;11,56;2,456482031;13,69949796;1;2;16,67833333
Spinus spinus;Rybachy;xj26917;Siskinary;f;Exp_1;1;14.09.2020;24;11,24;3,651750748;19,80161738;0;3;65
Spinus spinus;Rybachy;xj26917;Siskinary;f;Exp_1;1;24.09.2020;34;11,72;3,721532007;21,04178586;0;4;0
Spinus spinus;Rybachy;xj26917;Siskinary;f;Exp_1;1;05.10.2020;45;11,87;4,448469301;25,47384742;0;5;0,26
Spinus spinus;Rybachy;xj26917;Siskinary;f;Exp_1;1;07.10.2020;47;11,43;4,350056128;23,98691065;0;6;0,366666667
Spinus spinus;Rybachy;xj26972;Siskinary;f;Cont;0;25.08.2020;0;14,67;3,207160308;22,69781274;0;1;0
Spinus spinus;Rybachy;xj26972;Siskinary;f;Cont;0;12.09.2020;13;13,35;4,438469441;28,58562724;0;2;0
Spinus spinus;Rybachy;xj26972;Siskinary;f;Cont;0;21.09.2020;22;14,61;3,311527417;23,34058825;0;3;0
Spinus spinus;Rybachy;xj26972;Siskinary;f;Cont;0;02.10.2020;33;13,88;2,949644355;19,75114821;0;4;0
Spinus spinus;Rybachy;xj26972;Siskinary;f;Cont;0;14.10.2020;45;14,11;3,266872376;22,23783014;0;5;0
Spinus spinus;Rybachy;xj26977;Siskinary;m;Cont;0;26.08.2020;0;12,55;3,5524246;21,50808881;0;1;0
Spinus spinus;Rybachy;xj26977;Siskinary;m;Cont;0;09.09.2020;10;12,57;3,839582367;23,28372668;0;2;0
Spinus spinus;Rybachy;xj26977;Siskinary;m;Cont;0;20.09.2020;21;12,71;4,133732781;25,34668548;0;3;0
Spinus spinus;Rybachy;xj26977;Siskinary;m;Cont;0;30.09.2020;31;12,46;3,875117848;23,29357693;0;4;0
Spinus spinus;Rybachy;xj26977;Siskinary;m;Cont;0;10.10.2020;41;12,9;3,774988145;23,49300271;0;5;0
Spinus spinus;Rybachy;xj26977;Siskinary;m;Cont;0;17.10.2020;48;12,9;3,605149298;22,43603926;0;6;0
Spinus spinus;Rybachy;xj26984;Sparta;m;Cont;0;27.08.2020;0;13,65;3,444669495;22,68367607;0;1;0
Spinus spinus;Rybachy;xj26984;Sparta;m;Cont;0;10.09.2020;11;13,1;3,772682332;23,84266299;0;2;0
Spinus spinus;Rybachy;xj26984;Sparta;m;Cont;0;22.09.2020;23;11,76;4,064725106;23,06065975;0;3;0
Spinus spinus;Rybachy;xj26984;Sparta;m;Cont;0;03.10.2020;34;11,35;3,825634821;20,94751932;0;4;0
Spinus spinus;Rybachy;xj26984;Sparta;m;Cont;0;16.10.2020;47;10,56;4,091589387;20,8443899;0;5;0
Spinus spinus;Rybachy;xj27015;Siskinary;m;Exp_2;1;23.08.2020;0;12,1;3,788409251;22,11441652;0;1;0
Spinus spinus;Rybachy;xj27015;Siskinary;m;Exp_2;1;04.09.2020;10;13,53;2,945682955;19,22724343;0;2;1,603333333
Spinus spinus;Rybachy;xj27015;Siskinary;m;Exp_2;1;16.09.2020;22;13,88;4,104637319;27,48511016;0;3;64
Spinus spinus;Rybachy;xj27015;Siskinary;m;Exp_2;1;26.09.2020;32;13,63;3,995611065;26,27315872;0;4;4,2
Spinus spinus;Rybachy;xj27015;Siskinary;m;Exp_2;1;11.10.2020;47;15,71;3,277364482;24,83900267;0;5;5,8332
Spinus spinus;Rybachy;xj27015;Siskinary;m;Exp_2;1;17.10.2020;53;14,56;3,640994588;25,57494066;0;6;5,658333333
Spinus spinus;Rybachy;xj27031;Siskinary;m;Exp_2;1;22.08.2020;0;12,33;4,091829039;24,33961941;0;1;0
Spinus spinus;Rybachy;xj27031;Siskinary;m;Exp_2;1;03.09.2020;9;11,93;0,831299844;24,06257917;0;2;1,7
Spinus spinus;Rybachy;xj27075;Sparta;f;Exp_2;1;15.08.2020;0;12,78;3,413144946;21,0435406;0;1;0
Spinus spinus;Rybachy;xj27075;Sparta;f;Exp_2;1;08.09.2020;14;13,4;0,832100876;24,08576563;0;2;27,33333333
Spinus spinus;Rybachy;xj27075;Sparta;f;Exp_2;1;19.09.2020;25;11,12;3,761081968;20,17673138;0;3;50
Spinus spinus;Rybachy;xj27075;Sparta;f;Exp_2;1;30.09.2020;31;12,08;3,919506554;22,84186475;0;4;20
Spinus spinus;Rybachy;xj27075;Sparta;f;Exp_2;1;13.10.2020;49;11,78;3,571508356;20,29692222;0;5;2,646666667
Spinus spinus;Rybachy;xj27084;Siskinary;m;Cont;0;26.08.2020;0;13,28;3,492174594;22,37315595;0;1;0
Spinus spinus;Rybachy;xj27084;Siskinary;m;Cont;0;09.09.2020;10;13,7;3,32319843;21,96393084;0;2;0
Spinus spinus;Rybachy;xj27084;Siskinary;m;Cont;0;20.09.2020;21;13,37;3,81742429;24,62266556;0;3;0
Spinus spinus;Rybachy;xj27084;Siskinary;m;Cont;0;01.10.2020;32;13,24;3,939952719;25,16588581;0;4;0
Spinus spinus;Rybachy;xj27084;Siskinary;m;Cont;0;08.10.2020;39;13,22;4,459927229;28,44411685;0;5;0
Spinus spinus;Rybachy;xj27085;Siskinary;m;Cont;0;26.08.2020;0;13,94;3,08493668;20,74637647;0;1;0
Spinus spinus;Rybachy;xj27085;Siskinary;m;Cont;0;11.09.2020;12;13,36;3,441901082;22,18390871;0;2;0
Spinus spinus;Rybachy;xj27085;Siskinary;m;Cont;0;21.09.2020;22;13,7;3,375742704;22,31121037;0;3;0
Spinus spinus;Rybachy;xj27085;Siskinary;m;Cont;0;01.10.2020;32;13,48;3,52261361;22,90805026;0;4;0
Spinus spinus;Rybachy;xj27085;Siskinary;m;Cont;0;08.10.2020;39;13,55;3,702261684;24,20135231;0;5;0
Spinus spinus;Rybachy;xj27093;Sparta;m;Cont;0;27.08.2020;0;13,3;3,342978269;21,44956163;0;1;0
Spinus spinus;Rybachy;xj27093;Sparta;m;Cont;0;23.09.2020;24;12,81;3,634216087;22,45913898;0;3;0
Spinus spinus;Rybachy;xj27093;Sparta;m;Cont;0;03.10.2020;34;12,88;3,650990776;22,68609911;0;4;0
Spinus spinus;Rybachy;xj27093;Sparta;m;Cont;0;16.10.2020;47;12,96;3,381118246;21,13968868;0;5;0
Spinus spinus;Rybachy;xj27143;Siskinary;m;Cont;0;25.08.2020;0;12,94;4,250775019;26,53601001;0;1;0
Spinus spinus;Rybachy;xj27143;Siskinary;m;Cont;0;09.09.2020;10;11,91;4,246318445;24,39818657;0;2;0
Spinus spinus;Rybachy;xj27143;Siskinary;m;Cont;0;20.09.2020;21;12,8;4,012747019;24,77906853;0;3;0
Spinus spinus;Rybachy;xj27143;Siskinary;m;Cont;0;30.09.2020;31;12,8;4,197908303;25,92245587;0;4;0
Spinus spinus;Rybachy;xj27143;Siskinary;m;Cont;0;14.10.2020;45;12,88;4,101604618;25,48607066;0;5;0
Spinus spinus;Rybachy;xj27155;Siskinary;m;Exp_2;1;16.08.2020;0;13,52;3,016385171;19,67418338;0;1;0
Spinus spinus;Rybachy;xj27155;Siskinary;m;Exp_2;1;05.09.2020;11;12,96;3,200205147;20,00856983;0;2;8,35
Spinus spinus;Rybachy;xj27155;Siskinary;m;Exp_2;1;17.09.2020;23;13,32;4,271479987;27,44832372;0;3;6,666666667
Spinus spinus;Rybachy;xj27155;Siskinary;m;Exp_2;1;28.09.2020;34;11,8;3,938988351;22,4233208;0;4;1,466666667
Spinus spinus;Rybachy;xj27155;Siskinary;m;Exp_2;1;11.10.2020;47;13,4;3,990651359;25,79774896;0;5;0,0015
Spinus spinus;Rybachy;xj27156;Siskinary;m;Exp_1;1;31.08.2020;10;12,44;4,110961997;24,671586;0;2;0,333333333
Spinus spinus;Rybachy;xj27156;Siskinary;m;Exp_1;1;13.09.2020;23;13,63;4,223990457;27,77486845;0;3;54,16666667
Spinus spinus;Rybachy;xj27156;Siskinary;m;Exp_1;1;24.09.2020;34;12,25;4,883327987;28,85926125;0;4;16,68
Spinus spinus;Rybachy;xj27156;Siskinary;m;Exp_1;1;04.10.2020;44;11,89;4,263601543;24,45635285;0;5;2,166666667
Spinus spinus;Rybachy;xj27156;Siskinary;m;Exp_1;1;07.10.2020;47;11,13;4,664357842;25,04495479;0;6;3,166666667
Spinus spinus;Rybachy;xj27168;Siskinary;m;Exp_1;1;31.08.2020;10;12,35;3,419409119;20,37282476;0;2;4,733333333
Spinus spinus;Rybachy;xj27171;Siskinary;m;Exp_1;1;04.08.2020;0;10,57;3,389066143;17,2817715;0;1;0
Spinus spinus;Rybachy;xj27171;Siskinary;m;Exp_1;1;01.09.2020;11;11,4;2,360883666;12,98412432;1;2;16,66833333
Spinus spinus;Rybachy;xj27171;Siskinary;m;Exp_1;1;14.09.2020;24;9,78;4,05167211;19,11641161;0;3;90
Spinus spinus;Rybachy;xj27173;Siskinary;m;Exp_1;1;04.08.2020;0;12,31;3,658805858;21,72854496;0;1;0
Spinus spinus;Rybachy;xj27173;Siskinary;m;Exp_1;1;31.08.2020;10;12,72;3,265721053;20,04007875;0;2;0,336666667
Spinus spinus;Rybachy;xj27173;Siskinary;m;Exp_1;1;14.09.2020;24;13,31;3,729730772;23,94907618;0;3;0,1
Spinus spinus;Rybachy;xj27173;Siskinary;m;Exp_1;1;24.09.2020;34;13,03;3,867853201;24,31350803;0;4;0,136666667
Spinus spinus;Rybachy;xj27173;Siskinary;m;Exp_1;1;04.10.2020;44;13,44;3,33799049;21,64300651;0;5;0,04
Spinus spinus;Rybachy;xj27173;Siskinary;m;Exp_1;1;07.10.2020;47;13,21;3,843755425;24,49580917;0;6;0,085
Spinus spinus;Rybachy;xj27181;Siskinary;m;Exp_2;1;23.08.2020;0;14,17;4,078924144;27,8835911;0;1;0
Spinus spinus;Rybachy;xj27181;Siskinary;m;Exp_2;1;05.09.2020;11;13,5;3,857156558;25,12084603;0;2;1,425
Spinus spinus;Rybachy;xj27181;Siskinary;m;Exp_2;1;13.09.2020;19;10,07;3,867211767;18,78713912;0;3;12
Spinus spinus;Rybachy;xj27182;Siskinary;m;Exp_1;1;15.08.2020;0;12,96;3,342373005;20,89744269;0;1;0
Spinus spinus;Rybachy;xj27182;Siskinary;m;Exp_1;1;01.09.2020;11;14,08;2,06501114;14,02678952;1;2;13,33333333
Spinus spinus;Rybachy;xj27183;Siskinary;m;Exp_1;1;15.08.2020;0;13,09;3,492928353;22,05781807;0;1;0
Spinus spinus;Rybachy;xj27183;Siskinary;m;Exp_1;1;01.09.2020;11;13,03;2,278673808;14,32385126;1;2;0,633333333
Spinus spinus;Rybachy;xj27183;Siskinary;m;Exp_1;1;14.09.2020;24;13,33;3,447995396;22,17328571;0;3;2,5
Spinus spinus;Rybachy;xj27183;Siskinary;m;Exp_1;1;24.09.2020;34;13,25;3,470342302;22,18305821;0;4;2,666666667
Spinus spinus;Rybachy;xj27183;Siskinary;m;Exp_1;1;05.10.2020;45;13,19;4,000932313;25,45887602;0;5;0,135
Spinus spinus;Rybachy;xj27183;Siskinary;m;Exp_1;1;07.10.2020;47;13,43;3,877678015;25,1235487;0;6;0,218333333
Spinus spinus;Rybachy;xj27186;Siskinary;m;Exp_1;1;16.08.2020;0;12,05;3,439799827;19,99647496;0;1;0
Spinus spinus;Rybachy;xj27186;Siskinary;m;Exp_1;1;31.08.2020;10;13,24;2,870367022;18,33405978;0;2;3,336666667
Spinus spinus;Rybachy;xj27186;Siskinary;m;Exp_1;1;13.09.2020;23;10,91;3,578188426;18,83307273;0;3;84,16666667
Spinus spinus;Rybachy;xj27225;Siskinary;f;Exp_2;1;07.09.2020;13;11,66;4,582449207;25,7768258;0;2;12,5
Spinus spinus;Rybachy;xj27231;Siskinary;f;Cont;0;25.08.2020;0;12,3;3,463359747;20,55114118;0;1;0
Spinus spinus;Rybachy;xj27231;Siskinary;f;Cont;0;13.09.2020;14;12,14;4,257665915;24,93581079;0;2;0
Spinus spinus;Rybachy;xj27231;Siskinary;f;Cont;0;21.09.2020;22;13,07;3,837090396;24,1941765;0;3;0
Spinus spinus;Rybachy;xj27231;Siskinary;f;Cont;0;02.10.2020;33;13,38;3,608776061;23,29427901;0;4;0
Spinus spinus;Rybachy;xj27231;Siskinary;f;Cont;0;14.10.2020;45;12,63;4,575645984;27,87975756;0;5;0
Spinus spinus;Rybachy;xj27243;Sparta;m;Exp_2;1;21.08.2020;0;13,43;3,393077379;21,98381208;0;1;0
Spinus spinus;Rybachy;xj27243;Sparta;m;Exp_2;1;04.09.2020;10;13,89;2,769218588;18,55635662;0;2;0,9
Spinus spinus;Rybachy;xj27243;Sparta;m;Exp_2;1;17.09.2020;23;13,76;4,133326552;27,43793217;0;3;38
Spinus spinus;Rybachy;xj27243;Sparta;m;Exp_2;1;28.09.2020;34;15,34;3,458160571;25,59197135;0;4;5,35
Spinus spinus;Rybachy;xj27243;Sparta;m;Exp_2;1;12.10.2020;48;13,16;4,155479204;26,38215265;0;5;0,6
Spinus spinus;Rybachy;xj27247;Sparta;f;Exp_1;1;18.08.2020;0;11,78;3,180716786;18,37285952;0;1;0
Spinus spinus;Rybachy;xj27247;Sparta;f;Exp_1;1;03.09.2020;13;11,69;0,67818381;19,63052411;0;2;20,83333333
Spinus spinus;Rybachy;xj27247;Sparta;f;Exp_1;1;11.09.2020;21;9,67;3,380801633;15,77173204;0;3;67,5
Spinus spinus;Rybachy;xj27249;Sparta;m;Exp_1;1;20.08.2020;0;12,69;3,254872979;19,93967269;0;1;0
Spinus spinus;Rybachy;xj27249;Sparta;m;Exp_1;1;02.09.2020;12;12,79;3,077960054;18,9918272;0;2;45
Spinus spinus;Rybachy;xj27255;Sparta;m;Exp_2;1;24.08.2020;0;13,27;3,397146747;21,74795656;0;1;0
Spinus spinus;Rybachy;xj27255;Sparta;m;Exp_2;1;07.09.2020;13;13,22;3,397484517;21,66816669;0;2;1,591666667
Spinus spinus;Rybachy;xj27255;Sparta;m;Exp_2;1;19.09.2020;25;13,42;4,118419052;26,66344596;0;3;39,08333333
Spinus spinus;Rybachy;xj27255;Sparta;m;Exp_2;1;29.09.2020;35;13,58;3,819256359;25,02141158;0;4;55,75
Spinus spinus;Rybachy;xj27255;Sparta;m;Exp_2;1;13.10.2020;49;13,4;4,00236938;25,87350064;0;5;28,85428571
Spinus spinus;Rybachy;xj27259;Sparta;m;Exp_1;1;19.08.2020;0;13,22;4,018208214;25,62696163;0;1;0
Spinus spinus;Rybachy;xj27259;Sparta;m;Exp_1;1;03.09.2020;13;12,59;0,743293561;21,51517324;0;2;38,33333333
Spinus spinus;Rybachy;xj27260;Sparta;m;Exp_1;1;20.08.2020;0;13,39;3,242051151;20,94274795;0;1;0
Spinus spinus;Rybachy;xj27260;Sparta;m;Exp_1;1;02.09.2020;12;13,37;3,049822192;19,67157595;0;2;3
Spinus spinus;Rybachy;xj27260;Sparta;m;Exp_1;1;15.09.2020;25;13,37;3,522292484;22,71904385;0;3;3,343333333
Spinus spinus;Rybachy;xj27260;Sparta;m;Exp_1;1;26.09.2020;36;13,24;3,933168391;25,12255188;0;4;0,04
Spinus spinus;Rybachy;xj27260;Sparta;m;Exp_1;1;06.10.2020;46;13,32;3,901357396;25,06993386;0;5;0,029666667
Spinus spinus;Rybachy;xj27260;Sparta;m;Exp_1;1;10.10.2020;50;13,28;3,968331355;25,42372779;0;6;0,346666667
Spinus spinus;Rybachy;xj27261;Sparta;f;Cont;0;28.08.2020;0;12,8;3,816369978;23,56642289;0;1;0
Spinus spinus;Rybachy;xj27261;Sparta;f;Cont;0;23.09.2020;24;11,87;4,015371175;22,99374138;0;3;0
Spinus spinus;Rybachy;xj27261;Sparta;f;Cont;0;04.10.2020;35;12,06;3,684524301;21,43689888;0;4;0
Spinus spinus;Rybachy;xj27261;Sparta;f;Cont;0;16.10.2020;47;11,82;3,884774005;22,1521795;0;5;0
Spinus spinus;Rybachy;xj27265;Sparta;m;Exp_1;1;20.08.2020;0;12,92;3,965444388;24,71653594;0;1;0
Spinus spinus;Rybachy;xj27265;Sparta;m;Exp_1;1;02.09.2020;12;13,26;3,007229256;19,23726326;0;2;15
Spinus spinus;Rybachy;xj27265;Sparta;m;Exp_1;1;11.09.2020;21;11,69;4,018572157;22,66311009;0;3;90
Spinus spinus;Rybachy;xj27265;Sparta;m;Exp_1;1;25.09.2020;35;13,3;4,085939685;26,21662723;0;4;19,41666667
Spinus spinus;Rybachy;xj27265;Sparta;m;Exp_1;1;06.10.2020;46;13,13;3,768946602;23,87360131;0;5;0,373333333
Spinus spinus;Rybachy;xj27265;Sparta;m;Exp_1;1;09.10.2020;49;13,16;4,07972301;25,90119453;0;6;0,06
Spinus spinus;Rybachy;xj27266;Sparta;m;Exp_1;1;19.08.2020;0;12,67;3,592246737;21,95715159;0;1;0
Spinus spinus;Rybachy;xj27266;Sparta;m;Exp_1;1;30.08.2020;9;12,44;3,10205061;18,6166908;0;2;25,2
Spinus spinus;Rybachy;xj27266;Sparta;m;Exp_1;1;15.09.2020;25;12,91;3,211842362;20,00385466;0;3;0,093333333
Spinus spinus;Rybachy;xj27266;Sparta;m;Exp_1;1;25.09.2020;35;12,54;4,294308923;25,97909669;0;4;0,218333333
Spinus spinus;Rybachy;xj27266;Sparta;m;Exp_1;1;05.10.2020;45;13;3,809670771;23,89263368;0;5;0,105
Spinus spinus;Rybachy;xj27266;Sparta;m;Exp_1;1;09.10.2020;49;13,05;4,137147764;26,04622397;0;6;0,120666667
Spinus spinus;Rybachy;xj27268;Sparta;f;Exp_1;1;18.08.2020;0;12,5;3,344012118;20,16559692;0;1;0
Spinus spinus;Rybachy;xj27268;Sparta;f;Exp_1;1;02.09.2020;12;13;2,64138955;16,56567108;0;2;20
Spinus spinus;Rybachy;xj27268;Sparta;f;Exp_1;1;16.09.2020;26;13,11;3,316400318;20,97504331;0;3;2,333333333
Spinus spinus;Rybachy;xj27268;Sparta;f;Exp_1;1;26.09.2020;36;12,77;3,539640518;21,80636522;0;4;0,06
Spinus spinus;Rybachy;xj27268;Sparta;f;Exp_1;1;06.10.2020;46;12,99;3,644313511;22,8380021;0;5;0,056666667
Spinus spinus;Rybachy;xj27268;Sparta;f;Exp_1;1;10.10.2020;50;13,48;3,226393051;20,98168643;0;6;0,04
Spinus spinus;Rybachy;xj27274;Sparta;m;Exp_2;1;20.08.2020;0;11,99;3,541174858;20,4832932;0;1;0
Spinus spinus;Rybachy;xj27274;Sparta;m;Exp_2;1;04.09.2020;10;12,52;2,704607033;16,33584968;0;2;0,95
Spinus spinus;Rybachy;xj27274;Sparta;m;Exp_2;1;17.09.2020;23;12,35;3,837482442;22,86370381;0;3;38,33333333
Spinus spinus;Rybachy;xj27274;Sparta;m;Exp_2;1;28.09.2020;34;12,43;3,519314036;21,1038833;0;4;4,566666667
Spinus spinus;Rybachy;xj27274;Sparta;m;Exp_2;1;11.10.2020;47;13,14;3,584436323;22,72215202;0;5;11,3332
Spinus spinus;Rybachy;xj27277;Sparta;m;Exp_1;1;19.08.2020;0;12,75;3,19640204;19,66096411;0;1;0
Spinus spinus;Rybachy;xj27277;Sparta;m;Exp_1;1;30.08.2020;9;13,08;3,687534156;23,26896263;0;2;21,85
Spinus spinus;Rybachy;xj27381;Sparta;m;Exp_2;1;24.08.2020;0;12,7;3,518348718;21,55637992;0;1;0
Spinus spinus;Rybachy;xj27381;Sparta;m;Exp_2;1;08.09.2020;14;12,72;0,796690601;23,06078944;0;2;12,16666667
Spinus spinus;Rybachy;xj27381;Sparta;m;Exp_2;1;19.09.2020;25;12,31;3,916560314;23,25927097;0;3;43,75
Spinus spinus;Rybachy;xj27381;Sparta;m;Exp_2;1;29.09.2020;35;13,07;3,648784193;23,00684104;0;4;10,41666667
Spinus spinus;Rybachy;xj27381;Sparta;m;Exp_2;1;13.10.2020;49;12,32;3,762907876;22,36492882;0;5;4,978333333
Spinus spinus;Rybachy;xj27394;Sparta;m;Exp_2;1;24.08.2020;0;14,7;3,178059412;22,53785461;0;1;0
Spinus spinus;Rybachy;xj27394;Sparta;m;Exp_2;1;07.09.2020;13;12,47;3,632426313;21,85226673;0;2;2,775
Spinus spinus;Rybachy;xj27394;Sparta;m;Exp_2;1;18.09.2020;24;10,31;3,930979569;19,55206707;0;3;60
Spinus spinus;Rybachy;xj27400;Sparta;m;Exp_2;1;21.08.2020;0;12,37;3,804042368;22,70117159;0;1;0
Spinus spinus;Rybachy;xj27400;Sparta;m;Exp_2;1;07.09.2020;13;12,33;3,561548073;21,18532417;0;2;6,416666667
Spinus spinus;Rybachy;xj27400;Sparta;m;Exp_2;1;18.09.2020;24;12,88;3,774061576;23,45082205;0;3;17
Spinus spinus;Rybachy;xj27400;Sparta;m;Exp_2;1;29.09.2020;35;13,08;3,544069893;22,36367892;0;4;1,433333333
Spinus spinus;Rybachy;xj27400;Sparta;m;Exp_2;1;12.10.2020;48;12,63;3,976483399;24,22901455;0;5;0,26
Spinus spinus;Rybachy;xj27402;Sparta;m;Exp_2;1;22.08.2020;0;14;3,211558072;21,69087349;0;1;0
Spinus spinus;Rybachy;xj27402;Sparta;m;Exp_2;1;05.09.2020;11;14,13;3,441582302;23,46029927;0;2;0,835
Spinus spinus;Rybachy;xj27402;Sparta;m;Exp_2;1;18.09.2020;24;11,66;4,474054178;25,16709078;0;3;10
Spinus spinus;Rybachy;xj27402;Sparta;m;Exp_2;1;28.09.2020;34;12,21;3,973921014;23,40820548;0;4;1,566666667
Spinus spinus;Rybachy;xj27402;Sparta;m;Exp_2;1;12.10.2020;48;11,37;3,984385766;21,85521438;0;5;1,45
Spinus spinus;Rybachy;xj27403;Sparta;m;Cont;0;27.08.2020;0;11,99;3,75867096;21,74136054;0;1;0
Spinus spinus;Rybachy;xj27403;Sparta;m;Cont;0;10.09.2020;11;12,17;4,285542129;25,16109708;0;2;0
Spinus spinus;Rybachy;xj27403;Sparta;m;Cont;0;22.09.2020;23;12,11;3,881419638;22,67607937;0;3;0
Spinus spinus;Rybachy;xj27403;Sparta;m;Cont;0;03.10.2020;34;11,7;4,139937726;23,36753472;0;4;0
Spinus spinus;Rybachy;xj27404;Sparta;m;Cont;0;28.08.2020;0;13,36;3,673522118;23,67676391;0;1;0
Spinus spinus;Rybachy;xj27404;Sparta;m;Cont;0;10.09.2020;11;12,8;4,25022703;26,24552865;0;2;0
Spinus spinus;Rybachy;xj27404;Sparta;m;Cont;0;22.09.2020;23;13,01;4,255437367;26,70882151;0;3;0
Spinus spinus;Rybachy;xj27404;Sparta;m;Cont;0;02.10.2020;33;11,67;3,545059265;19,95848548;0;4;0
Spinus spinus;Rybachy;xj27406;Sparta;m;Cont;0;28.08.2020;0;13,68;3,670247757;24,22226246;0;1;0
Spinus spinus;Rybachy;xj27406;Sparta;m;Cont;0;10.09.2020;11;13,41;3,901294607;25,2389191;0;2;0
Spinus spinus;Rybachy;xj27406;Sparta;m;Cont;0;22.09.2020;23;13,65;3,638048894;23,95710902;0;3;0
Spinus spinus;Rybachy;xj27406;Sparta;m;Cont;0;02.10.2020;33;13,42;2,983953609;19,31869603;0;4;0
Spinus spinus;Rybachy;xj27406;Sparta;m;Cont;0;14.10.2020;45;12,53;3,996768741;24,15979904;0;5;0
Spinus spinus;Rybachy;xj27407;Sparta;m;Exp_1;1;18.08.2020;0;13,34;3,618630801;23,28806108;0;1;0
Spinus spinus;Rybachy;xj27407;Sparta;m;Exp_1;1;30.08.2020;9;12,83;2,96877113;18,3753915;0;2;5,115
Spinus spinus;Rybachy;xj27407;Sparta;m;Exp_1;1;15.09.2020;25;13,1;3,183273465;20,11770665;0;3;10,66666667
Spinus spinus;Rybachy;xj27407;Sparta;m;Exp_1;1;25.09.2020;35;15,52;3,156801565;23,6359045;0;4;0,833333333
Spinus spinus;Rybachy;xj27407;Sparta;m;Exp_1;1;06.10.2020;46;12,35;4,028134792;23,99960969;0;5;0,833333333
Spinus spinus;Rybachy;xj27407;Sparta;m;Exp_1;1;09.10.2020;49;13,12;3,723763725;23,56943535;0;6;0,67
Spinus spinus;Rybachy;xj27409;Sparta;m;Exp_1;1;19.08.2020;0;14,22;2,900756271;19,89958698;0;1;0
Spinus spinus;Rybachy;xj27409;Sparta;m;Exp_1;1;30.08.2020;9;13,77;2,696537079;17,91321602;0;2;6,75
Spinus spinus;Rybachy;xj27409;Sparta;m;Exp_1;1;15.09.2020;25;14,27;3,163993876;21,78175324;0;3;20,85
Spinus spinus;Rybachy;xj27409;Sparta;m;Exp_1;1;25.09.2020;35;15,24;2,908701524;21,38539872;0;4;0,233333333
Spinus spinus;Rybachy;xj27409;Sparta;m;Exp_1;1;05.10.2020;45;15,51;3,030860692;22,67832629;0;5;0,15
Spinus spinus;Rybachy;xj27409;Sparta;m;Exp_1;1;09.10.2020;49;15,54;3,16442004;23,72347842;0;6;0,06
Spinus spinus;Rybachy;xj27410;Sparta;m;Exp_2;1;21.08.2020;0;12,97;3,83366046;23,98760275;0;1;0
Spinus spinus;Rybachy;xj27410;Sparta;m;Exp_2;1;05.09.2020;11;12,99;3,440404779;21,56015703;0;2;0,42
Spinus spinus;Rybachy;xj27410;Sparta;m;Exp_2;1;18.09.2020;24;12,77;4,022725314;24,78246503;0;3;7
Spinus spinus;Rybachy;xj27410;Sparta;m;Exp_2;1;29.09.2020;35;13,22;3,789631136;24,1691636;0;4;3,05
Spinus spinus;Rybachy;xj27410;Sparta;m;Exp_2;1;12.10.2020;48;12,83;3,81313195;23,60161473;0;5;1
